,HAL.NS.Open,HAL.NS.High,HAL.NS.Low,HAL.NS.Close,HAL.NS.Volume,HAL.NS.Adjusted
1,563.8499756,577.5,559,574.625,352730,479.4468994
2,570.5,573.5,563.1749878,564.2999878,115130,470.8320618
3,565,570,557.5,557.9500122,163364,465.5338745
4,561,565.625,554.75,556.9749756,149988,464.7203674
5,551.75,559.4249878,550.0250244,551.4249878,146026,460.0895996
6,550.25,556,550.25,552.2249756,119028,460.7571106
7,554.9000244,555,546.0250244,551.1500244,107306,459.8602295
8,551,553,547.5,548.6500244,79912,457.7742004
9,548,549.0250244,540.0499878,543.0750122,109438,453.1227417
10,557.5,575,552.5499878,561.5250244,289764,468.5167542
11,562.5,579.9500122,562,573.9500122,270532,478.883728
12,578.5,582,571,573.2000122,123586,478.2579956
13,577,577.5,562.5,565,83918,471.4160767
14,569,576.7000122,564.5499878,570.5250244,101248,476.0260925
15,570.5999756,572.9500122,559,562.7750244,69878,469.5596619
16,566,574.5,561.1749878,565.6500244,79814,471.9585571
17,568.9749756,572.25,565,565.4000244,60078,471.7498474
18,565.5,572.9500122,561.4249878,562.7249756,69828,469.5179138
19,563.5,569,562.5,565.2249756,32780,471.6038818
20,566.3250122,567.4749756,561,562.9000244,33144,469.6639709
21,567.2000122,567.2000122,559.5,562.1749878,37230,469.0591736
22,559.5,565.9749756,555.625,557.125,37722,464.845459
23,557.0250244,557.5,544.5999756,547.5,38088,456.8148193
24,552.5,552.5,545,546.7750244,24564,456.2098083
25,545.25,561.0250244,541.0250244,554.0750122,42232,462.3007507
26,552.5999756,559.4500122,549.5,552.1749878,25240,460.715332
27,550,551.9749756,545,546.7249756,19522,456.1680908
28,545,545.9249878,542,542.7750244,25424,452.8723755
29,543.75,545.5,535.5750122,541.5999756,32238,451.8919373
30,541,543.9749756,532,533.2249756,35344,444.9041748
31,537.5,541.8250122,525.75,527.6749878,30794,440.273468
32,527.25,528.9500122,521.5,522.1500244,206278,435.6636047
33,523,525.3250122,516.4749756,519.875,19002,433.7653809
34,522,522,515.0250244,516.4249878,23104,430.8868408
35,515.9749756,515.9749756,504.5,510.6749878,51328,426.0892944
36,512.5,514.5,505.625,510.9750061,21616,426.3395386
37,510,512,503,507.8250122,23970,423.7113037
38,507.5,507.5750122,502.5249939,504.375,20556,420.8327942
39,504,512.5,502.7749939,511.375,27830,426.6732788
40,510,527.5,510,521.1749878,45700,434.8500671
41,517.5,525.5,517.5,524.3499756,17038,437.4992065
42,521.5,549,505.5,540.6749878,169116,451.1202393
43,542.5,549.4749756,523.25,528.5499878,684704,441.0035706
44,525,525.0250244,513.7750244,514.9249878,31148,429.6352844
45,520,520.0250244,507.5,509.2749939,20846,424.9210815
46,509.5,509.5249939,494.9750061,496.875,42304,414.5749817
47,495,502.1749878,494.5,498.4500122,18688,415.8891907
48,498,505,498,499.7749939,21514,416.9947205
49,497.7749939,499.4750061,493.75,495.2250061,27042,413.1983643
50,495.2749939,497.3500061,492,493.5499878,29734,411.8007202
51,493.75,496,484.3500061,486.875,46224,406.2314148
52,484,489.9750061,481.75,482.2250061,38652,402.351593
53,480,504,474.5249939,486.5499878,412558,405.9602356
54,485.0249939,487.5,480,484.25,27064,404.0411987
55,483,484.25,472.8250122,474.4249878,32204,395.8435364
56,473.5249939,475.4750061,464.4249878,465.1000061,35686,388.0630798
57,465.5,467.9750061,461.5,462.5499878,30550,385.9354553
58,462.5499878,463.5,455.5,456,35406,380.4703674
59,455.5499878,460.4750061,448,457.2000122,55906,381.4716187
60,455,456.9750061,449,450.5,20008,375.8814087
61,448,448.5,442.5249939,443.5249939,36168,370.061615
62,440,442.7000122,430,432.6499939,54490,360.987915
63,430.0249939,430.0249939,420,421.9500122,45704,352.0602417
64,421.9750061,425,421.5,422.2000122,26608,352.2687988
65,422.1000061,439.4750061,416.5750122,429.25,38980,358.1511536
66,428.5,429.25,421.0249939,422.1749878,18650,352.2479248
67,420.5499878,423.375,417.5,418.375,21490,349.0774231
68,417.5,419.9249878,413,414,16684,345.427002
69,412.5,417.8999939,412,414.375,27932,345.7398987
70,415,416.2999878,410.0249939,411.2749939,19422,343.1533813
71,410,427.9500122,410,424.0499878,43264,353.8123474
72,423.625,424.9750061,417.7749939,419.6749878,18542,350.1620483
73,419.6749878,424.4750061,414,415.7999878,15372,346.928894
74,413.5249939,420.4249878,409.0249939,413.375,26036,344.9056091
75,409.6000061,411.8999939,406,406.7999878,18462,339.4196167
76,405.5,411.3250122,404,408.125,39086,340.525177
77,406.4500122,407.4500122,400.7749939,402.0750122,19868,335.4772644
78,402,404.5,395.7749939,396.7250061,25722,331.0134277
79,396.9750061,396.9750061,390,392.5249939,36970,327.5090332
80,390.0249939,392.4249878,385.0249939,386.6000061,29158,322.5653992
81,387,393.7999878,386,391.1000061,24700,326.3201294
82,391.5,399.0499878,391.5,392.9750061,22476,327.8845825
83,391,397.5,387.5,391.0249939,27854,326.2575073
84,389.5,398.0750122,389.5,394.6499939,25988,329.282074
85,395.5,451.8999939,395.5,445.1000061,277582,371.3757935
86,449.5,488.4500122,448.5,484.2999878,603636,404.0829163
87,489,495.4500122,479.1749878,489.9750061,233110,408.8179016
88,485.9750061,488.9500122,469.3999939,478.7749939,63904,399.4730225
89,480,488.1000061,475,481.4249878,36284,401.6840515
90,486.25,486.25,471.9249878,477.8250122,41678,398.6804199
91,472.5,501.2000122,472.5,486.6000061,118838,406.0019531
92,490.9750061,492,483.0249939,486.3250122,31618,405.7724915
93,482.5,506.5,480.0750122,493.0499878,105504,411.383606
94,493,494,484.3999939,488.3999939,31512,407.5038147
95,478.4249878,499.5,478.4249878,491.9249878,144522,410.4449158
96,491.5,491.5,480.5499878,481.3500061,21722,401.621521
97,481,483.3500061,468.0249939,470.5,20654,392.568634
98,475.5,479.8500061,462.6749878,467.7250061,24828,390.2532959
99,463.0249939,468.4500122,461.5249939,461.9750061,23846,385.45578
100,461.5,462.9500122,455.0499878,457.0499878,16098,381.3464355
101,460,462.3999939,450.125,454.6749878,24592,379.3648071
102,454.875,457.4500122,445.5,447.5750122,16978,373.4408569
103,462.5,466.4249878,457.4500122,460.0499878,37228,383.8495178
104,460.0499878,460.0499878,447.5,448.9750061,26086,374.6089783
105,450.0249939,453.8250122,446,448.4750061,13860,374.191803
106,446.0249939,451.0499878,442.5,448.3250122,14098,374.0666504
107,446.2999878,450,444.2749939,446.125,15506,372.2310181
108,450,450,442.5,447.7999878,20372,373.62854
109,447.5249939,450,442.5750122,443.875,15780,370.3537292
110,441,444.9249878,431,434.3500061,16608,362.4063721
111,434.5,442.4750061,427.5499878,432.625,19492,360.9670715
112,432.5,469.3999939,427.5499878,461,217730,384.6422119
113,461,472.5249939,461,465.2250061,64412,388.1673584
114,468.7999878,468.7999878,455,455.875,24346,380.3660889
115,455,460,450,452.2999878,15452,377.3831787
116,455,467.25,454.8999939,466.1499939,47880,388.939209
117,460,480,459,476.5750122,70804,397.6374512
118,477.5,484.0750122,466.4750061,480.6749878,45500,401.0583801
119,472.7749939,479.9750061,466,467.375,14520,389.9612122
120,467.375,474.5,445,452.875,60708,377.8630066
121,456.4750061,465.2749939,432.75,435.9500122,21528,363.741333
122,436,440.1749878,419.2000122,421.0750122,26562,351.3301697
123,421.0249939,427.5,416.5,419.7250061,15014,350.2037964
124,419.9750061,423,410.125,413.2000122,12738,344.7595825
125,416,418.3500061,388.5,389.8999939,37102,325.3188782
126,397.5,413.8500061,394.7250061,401.2999878,36572,334.8305969
127,405,409.9249878,399.5750122,405.2250061,22038,338.1054993
128,403.0499878,405,396.5,401.3500061,17840,334.8723755
129,402,404.9750061,395,396.1000061,15152,330.4919739
130,395.5,397.5249939,387.0499878,390.4750061,17200,325.7986145
131,393,397.0750122,383.5,385.1000061,21170,321.3139038
132,385,392.4750061,380.5,387.0249939,30230,322.9200745
133,387,395.0249939,377.6499939,383.375,31590,319.8746338
134,383.375,395,383,389.0750122,16456,324.6305237
135,388.9500122,398.875,387.5499878,394.9500122,17600,329.5324097
136,395,410.2000122,395,402.3250122,20346,335.6858826
137,410.2250061,410.2250061,392.5,395.6000061,14132,330.0747681
138,395.4500122,398.5,387.6000061,389.8999939,9836,325.3188782
139,390,391.9249878,380,382.6749878,11196,319.2905579
140,379.2000122,383.5,375.5,376.5499878,13064,314.1800842
141,385,385,375.7999878,376.8999939,9098,314.4721375
142,375,376.5,370.5,371.0249939,13392,309.5702209
143,372.5,378,370,373.2250061,20818,311.4058228
144,375,376.6499939,370.0249939,375.1000061,14000,312.9702759
145,377.4249878,379.3500061,374,377.5499878,11148,315.0144348
146,377.4750061,382.7000122,374.9750061,380.2999878,16630,317.3089294
147,384.5,384.5,376,377.1000061,128032,314.6389771
148,379.5,381.9249878,376.7749939,378.3250122,20094,315.6611328
149,379.5,382.5,376.4249878,379.8500061,11864,316.9334412
150,380,388.5,380,383.1499939,21044,319.6869202
151,385.2000122,402.7000122,384,395.1499939,26842,329.6992188
152,395.1499939,474,395.0249939,459.9500122,1126576,383.7661438
153,467.5,469.4500122,440,447.75,291182,373.5868835
154,440,444.2999878,426,427.7749939,92142,356.9204102
155,429.25,437.5,417.5,423.1499939,105990,353.0614929
156,424.75,426.5,412.5,418.625,30954,349.2859192
157,420.5249939,424.3999939,410.2999878,412.25,30946,343.9669189
158,416.75,420,407.5,411.4500122,40668,343.2994385
159,411.4750061,416.5,404.2749939,406.4500122,39034,339.127594
160,409.9249878,411,397,401.7000122,73314,335.1643982
161,399.0249939,404.5750122,398,398.4249878,18246,332.4317932
162,402.5,402.5,391.5,393.5499878,12532,328.3642883
163,392.0249939,432.5,388.5,404.9500122,165300,337.8760681
164,405,410,395,397.125,33098,331.3471375
165,401.3999939,403.9750061,395,396.6749878,17336,330.9716797
166,399,399.9750061,393.5,395.1499939,15348,329.6992188
167,394.5,399.5,391,392.5499878,16606,327.5299072
168,393.5499878,396.9750061,389.9750061,390.6749878,21416,325.9654846
169,392.5,392.5,385.5,387.2000122,15218,323.0660706
170,387,387,382.5,385.25,14312,321.4390564
171,387.5,393.4750061,379.5,380.8500061,27002,317.7679138
172,376.1000061,379,373.2999878,374.75,24800,312.6782227
173,373.25,383.2999878,371.5,377.2250061,17206,314.7432861
174,377,392,377,385.1000061,36590,321.3139038
175,389.125,390.9500122,381.2749939,384.8999939,23888,321.1470337
176,389.4750061,391,381.1749878,383.875,19896,320.2918091
177,386,394.9500122,385.6749878,392.7999878,26036,327.7384949
178,391.8999939,398,388.8500061,392.2999878,21954,327.3212891
179,395,399,390,394.3500061,20622,329.0317993
180,393.1749878,400,390.5,392.0249939,27056,327.0918884
181,392.1749878,396.4249878,390,393.0499878,43614,327.9470825
182,395.5499878,395.5499878,391.0750122,393.0750122,14476,327.9680176
183,387.5,394.5,387.5,390.7999878,10266,326.0697327
184,390,396.1000061,390,394.25,12146,328.9483032
185,390.5750122,396.9750061,390.5750122,395.2999878,8408,329.8243713
186,395.0249939,412.6499939,395,403.4249878,58360,336.6036377
187,403.0249939,410.8250122,395.8500061,399.2999878,21018,333.1618958
188,402,407,397.9249878,399.9500122,23444,333.7041931
189,399.9500122,403.25,394.7000122,396.3999939,13368,330.7421875
190,399.9750061,414,390.9500122,407.3500061,325130,339.8785095
191,398.5,402.3999939,391.9750061,394.7250061,99668,329.3447266
192,392.8500061,399.4249878,387.5,394.75,54852,329.365509
193,394.9500122,399,389.5249939,391.3999939,28728,326.5704041
194,389.3250122,393.9750061,387.5,387.9249878,25888,323.67099
195,390,391.0750122,386.625,387.8999939,118898,323.6500854
196,383.9249878,388.9249878,383.9249878,386.2749939,16192,322.294281
197,387.6749878,389,385,386.3999939,12110,322.3985596
198,386.8999939,392,385.5,387.5,287410,323.3163757
199,387,391.4750061,387,389.3500061,17610,324.8599243
200,390,395.875,390,392.25,29376,327.2796326
201,388.5,393.8500061,387,388.2749939,30746,323.9629822
202,388.5499878,390.5,382.5,383.1000061,7834,319.6451721
203,385.2749939,385.2749939,376.5,377.125,17960,314.6598511
204,376.375,379.4750061,373.5,373.9500122,13414,312.0107422
205,374.5499878,379,369.3250122,371.0249939,19054,309.5702209
206,377.4500122,377.4500122,364.5,366.3999939,15196,305.7112732
207,367.5,367.5249939,361.625,362.9500122,13464,302.8327026
208,363.5,368.875,355.0249939,358.3999939,21312,299.036377
209,357.5,359.7999878,354.5,355.4500122,14994,296.5749817
210,355.5249939,373.9750061,351.5,352.75,58696,294.3221741
211,354.1499939,354.1499939,343.7999878,345.0499878,21066,287.897583
212,349.5,349.5,333.8999939,337.375,20568,281.493866
213,337.6499939,340.125,327.75,329.3999939,27482,274.8398132
214,333.9500122,335.8999939,324.0750122,326.3250122,38814,272.2741089
215,325.4500122,327.875,318.0249939,325,32304,271.1685791
216,329.5,333.9500122,325,329.8250122,27908,275.194397
217,330.5,330.5249939,318.5,319.6000061,28258,266.6630249
218,315.7999878,319.4750061,310.5249939,311.8999939,25162,260.2383728
219,313.875,331.1000061,309.125,312.0249939,56936,260.3426514
220,314.5249939,314.8999939,305.0249939,307.0499878,74348,256.1917114
221,305.7749939,311.9750061,305.6749878,308.8999939,15052,257.735321
222,312,313.4750061,308.4750061,309.125,20464,257.9230347
223,316,347.4500122,316,333.1000061,210314,277.9269409
224,333.5,346.5,327,330.5,96304,275.7575684
225,330.6000061,332.4500122,325,325.625,27370,271.690033
226,325,338.4750061,319,326.2000122,78728,272.1697693
227,327.5,336.25,324,328.7000122,140560,274.2557068
228,332.5,335,325,326.3999939,113756,272.3366394
229,328.625,337.5,327.5,335.375,73952,279.8251038
230,337,347.5,333.9750061,342.5750122,62394,285.83255
231,345,352,342.5499878,344.7250061,39576,287.6264343
232,348.8999939,348.8999939,337.5,339.3500061,23538,283.1417236
233,339.5,339.875,330.7749939,332.5,26264,277.4263
234,335.9249878,340.4750061,332.5750122,339.2250061,26066,283.037384
235,347,350.4500122,344.7250061,345.9500122,62036,288.6485596
236,349,349,337.5499878,339.3999939,40864,283.1834106
237,341,342.5,337.5,338.4500122,28278,282.3907776
238,336.9249878,342.5,336.0499878,337.0499878,34774,281.2226257
239,337.5,359,337.5,349.875,320830,291.9234009
240,353,357.7999878,351,354.9500122,111628,296.1577759
241,354.5499878,359.3999939,354.5499878,355.7000122,58122,296.7835693
242,357.5,357.5,353.5,353.9750061,47710,295.3443604
243,353.9750061,357.5,353.3999939,356.4249878,60896,297.3884888
244,359.3250122,362.0750122,356.7749939,361,76434,301.205719
245,362.4750061,388.5,361,369.8250122,365120,308.5690002
246,370,370,349.6749878,360.5750122,71134,309.1262512
247,351,364.75,351,356.2250061,72944,305.3969116
248,360.8999939,360.8999939,354,357.5750122,47920,306.5542603
249,358,361.75,355.25,357.5,34680,306.4899597
250,357.5,359.4500122,354,355.9249878,30252,305.1397095
251,355.5,359.8999939,352.375,356.4750061,39374,305.6112061
252,355.5,358,352.5499878,356.8250122,35808,305.9113464
253,355,357.75,354.0499878,357.0750122,24094,306.1256409
254,352.6000061,358,352.6000061,357.1000061,25908,306.1470337
255,356,364.3999939,356,358.3500061,40058,307.218689
256,358.4500122,360.1499939,354.0499878,355.2749939,15894,304.582489
257,358.625,358.625,352.5,353.75,19132,303.2750854
258,354.25,356.125,353.5,354.2000122,10738,303.6608582
259,353.5,355,348.5249939,349.9249878,20122,299.9957886
260,347.5,359.8999939,342,342.7999878,17516,293.8874512
261,344,346.375,339.0499878,339.8500061,13768,291.3583984
262,339.8500061,344.3500061,338.0499878,339.5,14064,291.0583191
263,343.5,343.5,337.5,338.7749939,14078,290.4367371
264,342.4500122,343.0499878,335,338.8500061,19620,290.5010986
265,336.5,339,332.625,333.9249878,18848,286.2787476
266,333.5499878,335.1749878,322.5,331.1499939,15132,283.8997192
267,330.5,333.5249939,321.6749878,326.375,34918,279.8060913
268,325,328.8500061,321.5,323.625,17754,277.4484253
269,325,328.2999878,322,323.4249878,9962,277.2769165
270,324.4500122,324.4500122,315.8999939,319.1749878,14332,273.6333313
271,316.1000061,324.75,315.5,320.2999878,22014,274.5979004
272,323.4750061,323.4750061,317.5,320.25,10030,274.5549927
273,318,320.2999878,313.625,314.7999878,10832,269.8826294
274,312.5,319.1749878,310.4249878,317.1000061,16902,271.8544922
275,315.6000061,324.5,313.25,316.3500061,22382,271.2115173
276,315.5750122,321,314,318.2999878,23090,272.8832703
277,319.25,322.5,317.5,318.2749939,15184,272.8618164
278,325.0499878,335.6749878,323,326.5750122,56248,279.9775696
279,325,329.4500122,321.5750122,322.7749939,16488,276.719696
280,323.2749939,337.5,323.0750122,329.9500122,126220,282.8710022
281,334.5,342.3500061,329.4249878,334.2000122,53268,286.5145569
282,334.5249939,349,333.0249939,339.3999939,120032,290.9725647
283,342.3999939,354.2000122,341.6499939,352.7000122,92264,302.3749084
284,365,370.5,355.6499939,361,171262,309.4906006
285,364,366.9500122,355,358.25,104214,307.1329651
286,362.5,362.5,354.25,359.2250061,23280,307.968811
287,360,360.0499878,354,355.1499939,37518,304.4753113
288,355,379,350,370,769808,317.2064209
289,366,369.9500122,361,362.0750122,27560,310.4121704
290,363.5,365,352.6499939,355.3250122,20470,304.6253662
291,360.0249939,361,353.75,356.8250122,15728,305.9113464
292,357.5499878,359.5249939,346.5750122,350.5750122,15070,300.5531006
293,350.5249939,356.8999939,345,352.8500061,18060,302.503418
294,358.5,358.5,347,349.75,14532,299.8458252
295,349.5,349.5,345,346.4750061,13522,297.0381165
296,346.7000122,349.4500122,341.8250122,343.2250061,9556,294.2518311
297,341.0499878,345.1000061,341.0499878,342.2749939,13092,293.4373779
298,340.5249939,345.0499878,340.5249939,341.8250122,10828,293.0516052
299,341.8250122,344.375,335,337.8250122,16270,289.622345
300,335.5,347.4249878,335.5,344.75,9052,295.5592651
301,344.8999939,351.5249939,340.5,349.6749878,33688,299.7814636
302,350,355,349.4500122,350.3500061,15740,300.360199
303,354.8500061,374.5,350,360.1499939,1042754,308.7618713
304,362.5,362.5,355.7749939,356.875,16116,305.9541321
305,356,359.8500061,353.125,357.7999878,15500,306.7471619
306,359,369.5,353.5750122,357.25,68522,306.2756653
307,355.75,359.4750061,352.5,354.125,14708,303.5965271
308,355.4500122,355.4500122,346.25,351.7250061,17554,301.5389709
309,352.5,355,350.5,353.7749939,8852,303.2964783
310,352.5,357.1499939,352.5,355.8250122,11568,305.0540161
311,357.5,364.5,340,347.5750122,55422,297.9811707
312,344.25,348.4750061,337.5249939,338.2999878,14972,290.0295105
313,338.9750061,342.3999939,336,338.875,11266,290.522522
314,337.5249939,339.7999878,332.6499939,335.4500122,8322,287.5861816
315,334,342.2999878,334,339.2250061,11414,290.8225708
316,336.2749939,341.4750061,335,337.2749939,14028,289.1507874
317,337.5249939,341.0750122,334.0499878,337.5750122,13778,289.4080505
318,337.5750122,340.4500122,336,338.2250061,12122,289.9653015
319,341.4500122,341.4500122,336.6749878,337.5499878,8504,289.3865356
320,337.5499878,340.75,335.5,337.625,15990,289.4508362
321,336.5,339.375,336.1749878,337.5249939,16738,289.3651123
322,335,340,335,336.9500122,23534,288.8721619
323,338.0750122,338.2749939,335.7000122,337.25,8570,289.1293945
324,335.6000061,339.125,335.5249939,336.5,9316,288.4864197
325,333.5,337.5,333.5,336.3999939,8398,288.4006348
326,338.5,344,336.75,337.9750061,27988,289.750946
327,337.5,344,337.4249878,337.625,10704,289.4508362
328,335.5,339.4750061,335.5,337.3250122,12750,289.1936646
329,333.5499878,337,330,330.625,10672,283.4496765
330,329.9500122,330.5750122,324,325.9500122,8738,279.4416809
331,320.5,325.75,320,321.3999939,11850,275.5409241
332,321.3999939,321.3999939,313,315.1749878,10982,270.2041016
333,312.5249939,320,312.5249939,317.625,9262,272.3045349
334,316,321.5750122,316,317.6749878,4112,272.3474731
335,312.5,318.2999878,312.5,316.7749939,6282,271.5758667
336,317.2999878,324.9750061,317.2999878,321.125,10400,275.3051758
337,323.9750061,323.9750061,313.8999939,318.4750061,9760,273.0332947
338,337.5,340,325.5,328.9750061,79248,282.0350952
339,330,331.25,323.0499878,326.25,15242,279.6989136
340,320.5499878,330,320.5499878,329.5499878,10416,282.5280457
341,322.6499939,335,322.6499939,333.9750061,15328,286.3216553
342,331.375,333.2999878,330.5,331.5,11578,284.1997986
343,331.5,331.5,323.5750122,325,65252,278.6272888
344,318,325,317,322.9249878,15324,276.8482971
345,337.5,337.5,320.7749939,322.3500061,9928,276.3553467
346,322.3500061,328.9249878,322.3500061,325.6000061,7758,279.1416626
347,325.0249939,332.9750061,325,328.0249939,9040,281.2206726
348,328,328,323.5,325.2000122,8732,278.7987061
349,326,327.4750061,319.25,325.0249939,11340,278.6486816
350,319,325,319,322.5,6516,276.4839478
351,319.5,327.5,317.1749878,324.5499878,8462,278.2414551
352,321.75,332.5,321.75,330,9864,282.9138489
353,330,337.7999878,329.5249939,336.7000122,16574,288.6578979
354,350.8500061,357.875,347.5,352.5249939,88888,302.224823
355,353,354.4500122,347.5,348.3999939,21910,298.688446
356,348.5,352.5,341.5,343,12262,294.0589294
357,344.5,354.75,341.5,352.8250122,23230,302.4820557
358,355,367.6000061,353,365.1749878,132616,313.0698242
359,368.9500122,370.4500122,360.5499878,361.5,38110,309.91922
360,362.5249939,370,361.25,364.9500122,22460,312.8769836
361,363,388,361.25,372.9500122,487202,319.7355042
362,375,383.4500122,372.3250122,378.0499878,78058,324.1078186
363,380,385,373,377.5499878,43994,323.6791382
364,370.6499939,376.4750061,367.5,371.9500122,19632,318.8782349
365,371.9500122,374.3500061,371.7749939,372.9750061,20334,319.7569275
366,372.9750061,379,370.2250061,373.0499878,26872,319.8212585
367,373.0499878,373.0499878,362.5,364.7000122,51994,312.6626587
368,371.5,371.5,350,353.1499939,23984,302.7606201
369,358.9500122,359,344,347.3500061,32154,297.7882385
370,346.5,354.7999878,343,351.875,14314,301.667572
371,351.5,354.875,330.75,347.8250122,14788,298.1954956
372,350,351.875,344.5,345.625,17638,296.3093567
373,351.5,354,348.25,350.0750122,24548,300.1244202
374,350.0750122,350.9500122,343.8500061,350.0249939,12632,300.0815735
375,346.5,363.8250122,346.5,360.0750122,43072,308.6975708
376,358,360,350.75,357.4750061,38328,306.4685364
377,355,364.2749939,350.9750061,361.5249939,31418,309.9406738
378,357.3999939,359.5,350.8250122,353.625,12786,303.1679077
379,357,358.6499939,353.75,354.9249878,7110,304.2823792
380,357.5499878,358.5,353.2749939,354.7749939,17136,304.1537781
381,353.3500061,360.5,353.3500061,356.6499939,23400,305.761261
382,360.5,362.5,355.6000061,357.6749878,20080,306.6399536
383,359.2000122,361.0249939,357.25,359.0750122,10470,307.8402405
384,357.5249939,370.5,357,368.7749939,42540,316.156189
385,370.5,385,370.5,373.7749939,12990,320.4427795
386,375.7000122,403.7250061,372.75,393.1749878,187054,337.0746765
387,395,407.5,387.5,390.25,100330,334.5670166
388,393.8999939,397.5,380,381.4249878,34104,327.0012207
389,382.5,396.5,382,392.9249878,63224,336.860321
390,397,399.0249939,387.5,389.125,31148,333.6025696
391,389.125,394.5,388.125,391.4249878,20396,335.5743713
392,391.375,393.4500122,386.2000122,389.3250122,15058,333.7740479
393,382.625,389.25,376.5,377.7000122,25548,323.8077087
394,375.5,381.8250122,375.3250122,379.5249939,24036,325.372345
395,377.75,388,377.75,383.2000122,24338,328.5229492
396,397.5,411.7250061,396.1749878,401.6000061,287932,344.2975769
397,387.5,409.9500122,387.5,403.8999939,81730,346.2694092
398,407.5,409.5,397.0499878,402.1499939,33774,344.769043
399,400.1499939,407.5,396.5,398.6499939,27500,341.7684937
400,402.5,402.5,390.5,391.75,23180,335.8530579
401,395.5,413.9249878,390.1749878,401.6499939,97422,344.3403931
402,399.7999878,413.5,396.6499939,401.7749939,101802,344.4475708
403,403.5,404.375,394.5,396.8999939,34852,340.2681885
404,397,399.0249939,390,391.3250122,23310,335.488678
405,391.5,397,387.8999939,389.375,24890,333.816864
406,392.5750122,409.4249878,386.2999878,387.5249939,97372,332.2308044
407,390,392.5249939,385.0249939,386.875,19054,331.6736145
408,388.0249939,392.3250122,385.125,387.4750061,26986,332.1880188
409,388,392.3500061,386,390.6749878,33214,334.931366
410,394,396.4249878,386,387.8250122,24600,332.4880676
411,386,389.9500122,382.5,386.0750122,12304,330.9877319
412,389.5,389.5,382.7000122,384.3999939,12442,329.5517273
413,380.5,386.3999939,380,383.2000122,31000,328.5229492
414,381,381.1000061,375,377.25,15990,323.421936
415,376.9750061,382.9500122,374,379.4249878,21452,325.2865906
416,379.4500122,383.4500122,377.0750122,380.125,17052,325.8867188
417,382.5,387,368.3999939,380.0750122,27610,325.8438721
418,378.25,385.1749878,377.9500122,379.3250122,19832,325.2008972
419,378,381.5249939,375,376.75,9216,322.9932861
420,375,379.875,365.8500061,374,17804,320.6356812
421,372.5,375,370,370.8999939,14448,317.9779968
422,369.1000061,372.6499939,366.2999878,367.7250061,12558,315.2560425
423,369.8500061,369.8500061,359.5,362.2999878,42204,310.6051025
424,362,366.4750061,360.625,362.6000061,8940,310.8623047
425,360.625,364.2000122,356.5,358.0750122,9246,306.9829102
426,359.4500122,369.5,358.0750122,362.0249939,24740,310.3693542
427,361.125,363.25,355.5,358.2000122,18102,307.0900574
428,359.25,366.5499878,359.25,365.2749939,16956,313.1555786
429,365.2749939,368.25,362.5249939,365.2000122,12402,313.0913086
430,367.5,367.5750122,365,365.1000061,6386,313.0055847
431,367.4750061,374.625,364.6749878,367.625,26118,315.1702271
432,368.8999939,378.4500122,361.75,368.4500122,277418,315.877533
433,365.5499878,369.7250061,360.8500061,364.75,23622,312.7055359
434,362.6000061,369.7250061,362.5,367.4500122,15998,315.0202637
435,361.8999939,373.5,361,367.7749939,15860,315.2988586
436,368,371.5,365.9500122,367.625,17620,315.1702271
437,365.8999939,374.5499878,365.8999939,368.2250061,20532,315.6846924
438,379.75,404.0249939,375.625,401.7250061,409102,344.4046936
439,402.5,433.5,402,429.3999939,577164,368.1309204
440,427.5,432.4500122,416.25,426.2000122,190884,365.3875122
441,428.2999878,433.625,420.5499878,422.2250061,58406,361.9796448
442,421,422,410.5,412,33206,353.213623
443,405.0750122,412.5,400.4750061,402.8500061,39608,345.3692322
444,403,443.5,400.5249939,437.4249878,362190,375.0108337
445,434.5499878,447.9500122,425.7000122,428.6749878,163582,367.5093384
446,430.5,438.6499939,423.7999878,426.9249878,61268,366.0090332
447,427.5,434.5,425,426.4249878,36982,365.5803833
448,427.3500061,429.5,413.2000122,417.7250061,34524,358.1217651
449,418.625,436.3500061,415,416.0750122,23074,356.7071838
450,419.5,422.75,405.6499939,413.3250122,27586,354.3495789
451,416,419.9500122,393.125,407.4500122,77826,349.3128662
452,408.9750061,413.9750061,400.5,402.0499878,25442,344.6833191
453,380,396.2749939,377.6499939,390.0249939,36632,334.3741455
454,392.5,396.1000061,389.4500122,391.5249939,23438,335.6600952
455,400,409.5249939,394.0499878,406.0750122,82786,348.1340637
456,409.3999939,412.5,400,400.6499939,59052,343.4831238
457,403.875,404.9249878,386.4249878,388.5249939,70668,333.0881958
458,388.5249939,394,386.5249939,387.8250122,32710,332.4880676
459,389,397.5,382.5,384.7749939,21346,329.87323
460,384.8250122,390.5,382.5249939,387.9750061,21332,332.6166687
461,388.5,397,378.8500061,380.8999939,250572,326.5511169
462,382.5,382.5,372.5499878,374.375,30336,320.9571838
463,391.5,392.4750061,353.5,362.1499939,318658,310.4764709
464,354.5,361.8500061,349.375,352.4249878,61688,302.1390991
465,359.9249878,392.4249878,358.8500061,372.1749878,510192,319.0710754
466,373.8500061,377.5,365.625,368.1499939,94914,315.6203613
467,368.9500122,372.3500061,352.5,356.4750061,169874,305.6112061
468,362.0499878,370.7250061,354.5249939,357.1000061,427086,306.1470337
469,353.5,360,350.2000122,352.6749878,98124,302.3534546
470,352,370,351.5,363.4249878,154960,311.5695801
471,352.5,352.5,341.5249939,343.0249939,70284,294.0803223
472,348,354,326.5,332.0249939,70026,284.6498718
473,342.4750061,342.4750061,332.5,335.9500122,45818,288.0148926
474,336,336,319,323.625,88612,277.4484253
475,324,332,320.2749939,322.3250122,57988,276.3339539
476,318.5,318.5,310,310.7999878,46822,266.4533691
477,311.875,311.875,292.5,296.0750122,75378,253.8294067
478,296,302.5,293.0249939,294.4750061,34350,252.4577026
479,287.5,287.5,268,269.4500122,66172,231.0034485
480,256.75,271.5,236,267.1000061,82154,228.9887543
481,265,310,257.125,279.9249878,122936,239.9837494
482,286,290,272.5,276.6499939,170874,237.1760864
483,287,287.7999878,270,274.875,93910,235.6543427
484,270,290.5,261,278.2000122,126504,238.5049133
485,282,287.2999878,276.5499878,282.5750122,100220,242.2556915
486,235,269.5,235,250.375,59312,228.0683289
487,257.5,258.5750122,236.5,239.625,51720,218.2760315
488,235,246.2749939,235,239.75,35086,218.3899384
489,242.5,251.1999969,239.25,248.625,31200,226.4741974
490,252.5,297.5,250.0500031,262.5750122,261116,239.1814117
491,262.5,262.5,251.6750031,256.2749939,25010,233.4426422
492,257,263.875,257,260.1499939,23822,236.9724121
493,275,280.5,265,266.6499939,102684,242.8933411
494,271.9249878,271.9249878,261.4750061,264.7749939,23000,241.1853943
495,274.7749939,274.7749939,262.5,267.3500061,50988,243.5309906
496,268,311,265,273,372842,248.677597
497,275.75,283.5,273.25,274.125,102572,249.7023315
498,292.625,297.5,280,281.6499939,330606,256.5569458
499,287.7999878,287.7999878,275.8250122,277.7749939,79146,253.0271454
500,275,287,273.5,281.2250061,100754,256.1697693
501,286.4500122,291,278.3500061,279.8999939,96174,254.9627991
502,281.5,285.8500061,281,282.5,49862,257.3312073
503,280.9500122,280.9500122,268.0249939,273.2749939,50602,248.9280701
504,270.5499878,273.3999939,267.5499878,270.375,32644,246.2864532
505,273.7000122,276.8250122,270.5499878,271.8250122,29448,247.6072845
506,270,276,265,266.5,43908,242.7566681
507,269.8500061,269.8500061,262.625,264.0750122,39748,240.5477448
508,266.4500122,266.4750061,259.2749939,259.8500061,59356,236.6991272
509,262.0499878,265,256.7749939,263.0249939,55336,239.5912933
510,266.0499878,266.5,263,263.5750122,66640,240.0923157
511,260,260,252,254.8999939,74384,232.1901398
512,256.1749878,259.5,250.75,251.8999939,92382,229.4574585
513,253.1750031,255.4750061,250,252.5,47104,230.0040131
514,250,265.3999939,250,255.7749939,603216,232.9872131
515,257.0750122,259.4500122,250,250.9250031,74904,228.5693359
516,251,254.0249939,247.5500031,248.3500061,72048,226.2237244
517,248,249.9499969,244.5249939,246.6999969,56908,224.7207336
518,253.8500061,261.875,250,253.1750031,291790,230.618866
519,251.5,254.75,248,249.0500031,65266,226.8613739
520,255,264,252.5,261.5499878,460370,238.2476959
521,275.5,284.5,268,273.75,1502418,249.3607635
522,275.4750061,279.4750061,260,263.8500061,287706,240.3427582
523,260.5,267.1000061,255.0749969,265.2749939,77818,241.6408081
524,270.2749939,272.375,265,267.2250061,92318,243.417099
525,267,273.3500061,265.0499878,267.375,101180,243.5537262
526,270,270,264.75,265.5499878,37830,241.8913422
527,267.5,267.9750061,261.3250122,264.625,40508,241.0487518
528,265.75,290.125,265.75,277.7749939,741014,253.0271454
529,277.6749878,280.375,274,278.0750122,88346,253.3004456
530,280,287.5,279,280.4500122,153704,255.4638519
531,277.5750122,286.4500122,277.5750122,282.6000061,68016,257.4222717
532,285,301.3500061,280.375,292.1499939,531210,266.1214294
533,294.6749878,304.5,293,299.2749939,291022,272.6116943
534,302.5,318,300.0499878,315.5499878,483066,287.436676
535,317.8500061,339,316.75,330.0249939,340154,300.6221008
536,331,331.5,324.7999878,327.8500061,98346,298.6408386
537,326,330.9750061,326,327.75,45426,298.5497131
538,329,337.5,326.0249939,331.2749939,95178,301.7606506
539,310,329.9750061,309.5,327.75,99036,298.5497131
540,331.8500061,336.3500061,327.5,329.2250061,62570,299.8933411
541,335,373,325.5249939,356.4750061,359880,324.7155457
542,364,369.4750061,350,354.1499939,604286,322.5976868
543,355.4249878,363.9500122,351.6499939,356.5249939,146782,324.7610779
544,357.25,360.8500061,352.5,354.0249939,94130,322.4838257
545,355.5,361,353.1000061,356.4249878,127548,324.6700745
546,357.5,358.7250061,353.5,356.0499878,54506,324.3283386
547,356,357.5,347.5,349.3250122,75572,318.2025757
548,349.8999939,408.9500122,345.5,396.0750122,2157398,360.7874146
549,397.5,397.9750061,377,380.875,619028,346.9416504
550,382.5,407,372.3250122,380.75,707984,346.8278503
551,395,399.2000122,380.5499878,386.0750122,379848,351.6783752
552,382.5,388.9750061,380.5499878,381.8500061,104426,347.8298035
553,383,394.4500122,377.3500061,387.6499939,191480,353.1130371
554,406.9750061,432.5,402.5499878,426.2000122,4471666,388.2285461
555,428,497.2999878,412.5,476.9500122,7927122,434.4570313
556,477.5,514,463.0750122,490.0249939,6588018,446.3670959
557,492.0249939,507.5,469,472.6499939,2465972,430.5401306
558,483.5,483.5,450.5499878,464.9249878,2042622,423.5033875
559,455,487.75,454.9249878,471.2000122,2729028,429.2193298
560,475,482.5,461.9500122,464.75,656118,423.3440247
561,470.5,474.4750061,450,452.4249878,797222,412.1170349
562,454.9750061,456.5,427.5249939,433.9249878,658348,395.2652588
563,434.1499939,438.7999878,412.5,421.4750061,552154,383.9244995
564,425.2749939,472.5,416,468.625,3113956,426.8737488
565,472,477,457.5,461.7000122,1473602,420.5657043
566,462,470,455.8250122,457.5499878,817492,416.7854309
567,457.5499878,467.75,448.9750061,454.2749939,816438,413.8022461
568,457.0249939,476.3999939,454.2999878,465.8250122,1441024,424.3232422
569,462.4750061,468.1749878,453,454.8500061,532962,414.3259888
570,456,458.7000122,441.5249939,445.25,870654,405.5812988
571,446.5249939,457.5,440.5,451.6499939,509838,411.4111328
572,455.7250061,464.9500122,451.6499939,454.5750122,658512,414.0755615
573,456.0499878,456.5,437.7999878,439.9500122,316120,400.7534485
574,442.3999939,442.3999939,432.8250122,436.2250061,231530,397.3603516
575,430.7749939,452.4750061,430.0499878,447.0499878,430306,407.2208862
576,452.1499939,478.8500061,450,475.1000061,2418416,432.7718811
577,477.5,492.5,468.5249939,482.6499939,1543220,439.649231
578,483,493.5,475.1749878,483.7250061,750654,440.6284485
579,483,488.0249939,471,474.7250061,486796,432.4302673
580,516.5,535,503.25,515.6500244,2503216,469.7091675
581,516,522,500.5,509.5750122,559536,464.1753845
582,525,563.4249878,520,549.5250244,4036338,500.5660706
583,560,659.4249878,555.0250244,644.4749756,8426730,587.0567627
584,660.5499878,711.5,601.2000122,646.7999878,12758130,589.1745605
585,665.0250244,677,616,625.2000122,3838576,569.4990234
586,625.2000122,656,622.5,638.25,4318078,581.3864136
587,654.8499756,659.5,625.4249878,631.5,2998742,575.2376709
588,627.5,627.5,600,603.1749878,1672732,549.4362793
589,607.5,628.5,600,605.75,2370202,551.7818604
590,611.7000122,612.5,595.7249756,598.5,702138,545.1777344
591,603.2000122,604.4749756,580.1749878,586.4749756,838774,534.2241211
592,585,604.5,574.5,588.7999878,1305902,536.342041
593,520.5499878,532.9500122,504.25,505.3999939,11662338,460.372345
594,490.7999878,517,490.7999878,505.2999878,16565194,460.28125
595,491,493.9500122,460.5,463.0750122,9651410,421.8182678
596,463,463,435.5,446.0750122,6511002,406.3327637
597,445.9750061,459,443.125,447.1499939,2609886,407.3120117
598,448.5,469,446.1000061,462.7999878,4411752,421.567688
599,455,463.4750061,452.5249939,455.5,1894078,414.9181213
600,457.0249939,461.9750061,444.125,446.0249939,1716244,406.2872009
601,447.5,455.5,432.5499878,434.8500061,1851788,396.1078796
602,432.5,433.4500122,417.5249939,419.4249878,2266656,382.0570984
603,423.2250061,439.4249878,423.2250061,432.25,2117476,393.7394714
604,433.5,437.5,425.0249939,426.2250061,1803916,388.2513123
605,426.2749939,432.3500061,415.5,417.0499878,1705960,379.8937378
606,420.5,430,411.125,421.25,2627204,383.7195129
607,423.4249878,425.5,419,420.4249878,943060,382.9679871
608,420.1000061,422.5,414.0249939,415,798390,378.0263977
609,417.6000061,424.9249878,415.6000061,420.9500122,1445736,383.446228
610,421.4249878,424.8999939,396.5,399.6000061,1439460,363.9984131
611,395.1499939,399,377.625,387.6499939,2292796,353.1130371
612,388,393.5,379.5,385.5,1256208,351.1545715
613,379,406.8500061,372.125,389.4500122,2706724,354.7527161
614,392,398,381.1000061,383.8500061,1429186,349.6516418
615,387.5499878,391.3999939,384,389.1000061,711684,354.4338379
616,392.5,399.3250122,390.125,391.6000061,1124204,356.7111511
617,393,405.5,382.5,403.0499878,2451386,367.1409912
618,406.5,410.9750061,397.875,399.6749878,1311938,364.0666504
619,402.5,412.2250061,395.5750122,410.3500061,1329478,373.7906494
620,412.5,414.3500061,407.2000122,410.7000122,773692,374.1094666
621,409,410.3250122,403.5,404.7749939,652562,368.7123108
622,407.3500061,410.1499939,397.0750122,399.1749878,587478,363.6112671
623,399.5,402.7250061,390.5,392.8250122,728078,357.8269653
624,394.3999939,396.4750061,383.5,384.4750061,657670,350.2209778
625,384.4750061,385.4249878,376.5,377.7749939,560898,344.1178589
626,379,393.5,377.5,384.4500122,973148,350.1981506
627,385.7250061,387.0249939,370.5750122,372.875,624040,339.6543884
628,374.5,379.0249939,370,371.7000122,568224,338.5841064
629,374.4500122,375.5,370,370.7250061,453474,337.6959839
630,370.75,373.1499939,358,358.7749939,1051072,326.8106079
631,363,363,346.5,349.375,1693360,318.2481079
632,350,366.5,349.5,362.7250061,1948058,330.4086914
633,365.875,365.875,358,358.9750061,600730,326.9928284
634,361.5,361.5249939,347.875,350.8999939,655868,319.637207
635,352.5,354.3999939,345.0249939,350.2000122,727400,318.9996033
636,351,356.7000122,346.9500122,350.625,582698,319.3867493
637,348.9500122,353.7250061,345.5,347.6000061,601170,316.6312561
638,347.6000061,352.0249939,342.2000122,343.5499878,569552,312.9420166
639,345.5,346.5,335.0499878,337.4750061,514874,307.4082947
640,340,341.0750122,335.1000061,336.3250122,522936,306.3607178
641,335,337.5,329,330.4500122,506958,301.0091858
642,334,357.5,332.2999878,350.3500061,2559808,319.1362305
643,351.8999939,359.5,348.5,351.1749878,721290,319.8877869
644,354,362,349.2000122,359.2999878,1157466,327.2887878
645,360,367.8250122,353.3250122,363.9249878,937784,331.5018005
646,365.3500061,367.125,358.5,365.6749878,753234,333.0958862
647,365.0750122,379.8999939,361.5,377.7999878,1400692,344.1405945
648,379.5,384,371.2250061,380.4249878,1365782,346.5317383
649,389.2999878,393.2000122,385.0750122,388.125,641492,353.5457153
650,389.5,393.5,381.0750122,389.7999878,913542,355.0714417
651,389,389.1749878,382.875,384.125,492218,349.9020996
652,382.5,395,380.625,387.125,1060630,352.6347961
653,388.4500122,392,384.1000061,386.1000061,440024,351.7011414
654,387.5,389.7000122,366.5,386.0750122,511056,351.6783752
655,386.8500061,398.9249878,386.8500061,395.6000061,1446888,360.3547974
656,397.5,409,395.5,403.9750061,2678506,367.9836121
657,407,409.5,401.6499939,405.2000122,787892,369.0995178
658,405.5,412.8999939,402.5499878,409.25,1237092,372.7886658
659,412.8999939,417.3999939,409,414.8999939,832030,377.9352722
660,416,417.4750061,410.0499878,414.1499939,734356,377.2520752
661,417.5,426.6000061,415,423.8500061,1242642,386.0878906
662,426.5,429.6749878,417.8500061,421.3250122,905708,383.7878723
663,423.4500122,436,421.5,433.6749878,1251354,395.0375366
664,435.8500061,436.625,427.1499939,431.75,1035344,393.2840576
665,439.4500122,447.25,436.75,439.0249939,2047528,399.9109192
666,441.5,441.8999939,424.3250122,433.3500061,735732,394.7415466
667,435.5,438.625,426,428.3999939,565486,390.2324524
668,431,439.3999939,430.3999939,436.5750122,637800,397.6791992
669,440,442.375,433.2250061,435.7250061,662490,396.9049072
670,437.25,442.5,434.1499939,440.0249939,773012,400.8218079
671,435,437.8500061,431.5,433.1499939,497572,401.401001
672,435,439.5,428.0499878,431.8999939,476678,400.2426147
673,430.0499878,435.8500061,393.25,399.4750061,944604,370.1943359
674,399.1000061,405.2250061,380.5,396.9249878,859706,367.8312073
675,398.7749939,403.8999939,396.9249878,402.4500122,367900,372.9512634
676,405.8250122,413.2250061,404.4750061,411.125,669886,380.9903564
677,412.5,415,409.0499878,410.75,254090,380.6429138
678,412,422.5,409,418.1499939,809464,387.5004578
679,420,420,411.5,415.5249939,386952,385.0678711
680,420.5,427.25,419.9750061,423.125,887524,392.1108398
681,424.5,431.5,423.7999878,428.3999939,525246,396.9991455
682,430.9750061,445.5,428.3999939,443.4500122,1478680,410.9460144
683,439.8999939,463.4750061,432.25,460.7749939,2985300,427.0011292
684,467,480.2250061,465,471.8999939,3301122,437.3106995
685,480,481.9750061,462.75,465.25,1012478,431.1481018
686,466.0499878,470.2250061,455,456.25,710614,422.8078308
687,468,468,452.25,453.9750061,898772,420.6996155
688,456,457.4249878,448.5,450.7999878,584460,417.7572327
689,454.2250061,470,450.0249939,460.7999878,1612754,427.0243225
690,502.5,524,491.6499939,504.625,15085380,467.6369934
691,509.5,509.5,475,483.5499878,3572058,448.1067505
692,485,487.3500061,470.625,480.7250061,1678884,445.4888611
693,489.5,494.7250061,483,485.0750122,729042,449.519989
694,486.5,490.5,475.8999939,485.0249939,766022,449.4736633
695,487.25,489.3500061,483,484.2999878,688496,448.8017883
696,485,487.5,471.75,474,681374,439.2568359
697,482,484.2250061,465.6000061,471.5750122,699818,437.009552
698,473,473.1499939,456,457.9750061,497518,424.4063416
699,455.5249939,464.7250061,450.8500061,461.8999939,467670,428.0437012
700,466.9500122,471.25,461,462.6499939,654836,428.738678
701,470,473.5,453,454.5,1699902,421.1861267
702,458,470.5,457.5,467.375,1003592,433.1173706
703,488.5,488.9500122,475.1000061,482.3500061,1851870,446.9947205
704,486.2000122,489.5,482.5,488.1749878,1116136,452.3927307
705,490,509.5,485,506.6749878,2996074,469.5367432
706,510.5,532.4000244,510.0249939,517.3499756,3461870,479.4292908
707,520.9000244,521.9249878,504.5,508,1166948,470.764679
708,508.5750122,512,496,504.8250122,1133612,467.8223572
709,504.8250122,507.2000122,495.1000061,497.0750122,754380,460.6404724
710,499,524.5,498.9500122,513.25,2880490,475.6297913
711,521.1500244,523.5499878,513.0499878,518.1749878,1464310,480.1938171
712,515,517.4749756,502.9750061,508.5249939,779356,471.2511597
713,512.4500122,526.75,504.4750061,519.9500122,1494320,481.8387756
714,520.5,537.4000244,512.2750244,526.5750122,1457096,487.9781494
715,531.8499756,541.5,525.25,530.6749878,1568192,491.7776184
716,533,546,520,526.625,2263152,488.0245056
717,531.5499878,535,505.5,515.0999756,1011812,477.3442383
718,517.9500122,534.9500122,517.9500122,532.0999756,557096,493.098053
719,537,550,530,548.2249756,1571312,508.0411682
720,540,557.5,535.4000244,543.5250244,1658512,503.68573
721,551.8250122,551.9749756,540,542.625,638750,502.8516541
722,545,559.9000244,545,553.3499756,909198,512.7905884
723,557.4749756,561.9249878,552.6749878,556.2999878,647408,515.5244141
724,550,559,543.0499878,548.6500244,777700,508.4350281
725,547.5,554.1500244,523.9249878,527.0250244,763776,495.164032
726,535.0250244,541.0499878,528.625,532.625,366926,500.4254456
727,532.9500122,544.4749756,527,532.7249756,554256,500.5194092
728,532.5,539.9749756,530,533.6749878,411122,501.4119568
729,535.375,541.5,528.6749878,530.625,682402,498.5463867
730,530.5999756,532.5,505.6749878,508,852324,477.2891846
731,510.25,540,510.25,535.7000122,1073246,503.3145752
732,527.5,534.9500122,518,523.0250244,775522,491.4058228
733,525,527.7000122,512.5,515.4249878,466588,484.2652588
734,510,526.8499756,491.25,516.0250244,3967772,484.82901
735,516.0250244,527.9749756,507.5,518.625,426740,487.2718201
736,517,527.375,506.0499878,510.4500122,665362,479.5910339
737,509.8500061,513.9249878,499.5,501.3250122,346930,471.0176697
738,500.9750061,504.4750061,486.5,491.375,497106,461.6691895
739,498.25,502.5,490.125,493.4750061,308640,463.6422729
740,498.2999878,502.5,496.1000061,500.1000061,273476,469.8667603
741,500,502.5,492.625,497.4750061,289982,467.4004211
742,508.5,526,505.625,517.8250122,1961258,486.5201721
743,520,520.5,496.1000061,499.9500122,579288,469.725769
744,507.4500122,509,498.1000061,500.125,322770,469.8901978
745,502.5,510.0750122,501.1499939,502.9500122,416420,472.5444336
746,508,510,503.1000061,505.1749878,287444,474.6349182
747,504.5,510,498.5,500.2250061,317132,469.9842224
748,496.5,496.5,474.0249939,478.7000122,435726,449.7604675
749,476.5,487.3500061,475.7000122,485.4249878,224272,456.0788574
750,485,488.0750122,473.1499939,484.5,255634,455.2098083
751,484.5,491,477,482.25,201178,453.0958252
752,474,474,464.5,470.1000061,411194,441.6803589
753,473.0499878,478.9500122,471.3999939,475.6749878,250198,446.9183044
754,467.5,476.3500061,467.5,474.3999939,149016,445.720459
755,472.5,482.0750122,470.8999939,478.4249878,208250,449.5020447
756,478.4249878,482.5,475.5,477.1499939,137044,448.3041687
757,476.0499878,479.1499939,474.5,475,322674,446.2841187
758,477.3500061,487.4500122,475.75,483.875,443340,454.6226196
759,481.625,487.4500122,472,473.1749878,327116,444.5694885
760,472.5,479.9500122,470.5750122,478.625,205378,449.6899719
761,477.8500061,478.4750061,471,476.3999939,274984,447.5994873
762,478.8999939,488.9750061,474,476.8999939,447218,448.0692444
763,489.8999939,489.8999939,482.0499878,484.2250061,431836,454.9515076
764,486,487.0249939,478.0499878,478.9249878,219222,449.9718323
765,481.3250122,482.5,476,480.2250061,200884,451.1932678
766,478.75,488.25,478.75,484.2749939,293348,454.9984131
767,482.4750061,503.9500122,480.7999878,500.1499939,1071592,469.9136963
768,502.5,517.125,498.1499939,503.8250122,983626,473.3665466
769,503.5499878,507.875,489.5499878,491.625,351682,461.9041138
770,493.1749878,502,493.1749878,500.9249878,183924,470.6418762
771,507.5,510.5,497.5,504,386026,473.5309143
772,501,510.9750061,501,507.375,436916,476.7019043
773,509.8999939,516.7000122,495.6000061,505.25,537066,474.7053833
774,505.2749939,515.2750244,505.2749939,512.7000122,401596,481.7050171
775,513,516,506,507.375,507370,476.7019043
776,507.5,517.4749756,507.5,513.4249878,382932,482.3861694
777,513.5,523,508.7250061,517.9000244,306608,486.5906677
778,517.9000244,519.8499756,512.125,516.875,155340,485.627594
779,516,520,512.7000122,514.8499756,193086,483.7250061
780,515,515.4749756,505.0499878,510.2749939,239702,479.4265747
781,524.5,534.9249878,512.5999756,515.8499756,1068104,484.6645813
782,517.4000244,523.5,514.8250122,518.5250244,297788,487.177887
783,525,526.5,520,524.5499878,358806,492.8385315
784,528.0499878,543.9500122,516.2750244,531.2249756,1092906,499.1099854
785,534.4500122,537.3499756,527,532.6749878,439184,500.4723816
786,534.9749756,539.5,523.5250244,535.0499878,372976,502.7038574
787,534.9749756,544.5,520.6749878,523.7249756,617068,492.0635071
788,530,530.6500244,518.5,520.4000244,257872,488.9394531
789,525.5,530.9749756,521.5,523.2999878,341256,491.6641846
790,526.5,529,514.0499878,525.9500122,309452,494.1539917
791,525.9500122,529.3250122,520.3499756,521,221610,489.5032654
792,521.5,524.7249756,513.75,514.9249878,177230,483.7954712
793,514.25,527.3499756,512.5250244,513.6749878,351492,482.6210327
794,514.5,518.8499756,497.7000122,508.2250061,255810,477.5005798
795,503.6000061,512.4000244,499.0750122,503.7749939,326544,473.3195801
796,507.0249939,510.9249878,499.5,500.5249939,356600,470.2660522
797,502.5,523.5,495.6000061,510.5750122,1113756,479.7084351
798,514.5,519.5,506.5750122,509.6000061,246742,478.79245
799,511,519.5,509.2999878,518.5,300288,487.1543274
800,520.5,524.9500122,513.5,521.3499756,509822,489.8320618
801,529,533.5,514,518.1500244,697060,486.825592
802,519.4749756,521.9749756,508.75,510.8999939,291170,480.0137939
803,512.75,514.4249878,505,506.875,477700,476.2321472
804,507.0249939,536.7750244,507.0249939,533.7750244,1634066,501.5059509
805,538.0499878,546.8499756,527.5750122,531.0750122,800318,498.9691772
806,532.5,571.5,531.5,550.3250122,4975560,517.0553589
807,555,564,545,549.7750244,1967718,516.5386963
808,552.25,578.5,551,573.5250244,2454964,538.8528442
809,575.5,577.5,555.2999878,559.2750244,1019836,525.4643555
810,562.4500122,564.9000244,552.1749878,555.75,705288,522.1524048
811,557.25,561.9500122,545,548.2249756,569030,515.0822754
812,551.8499756,567.25,548.75,553.3499756,900610,519.897583
813,556.9000244,559.2249756,545,547.6749878,373744,514.5656128
814,552.5,559,536,537.375,680236,504.8882446
815,537.4000244,545.5,534,541.0499878,390422,508.3411255
816,541.0499878,544.4749756,526.9749756,533.375,288832,501.1300964
817,537.5,576.5,536.4249878,553.6500244,3077192,520.1793823
818,560,575,549,551.5250244,1237734,518.1828613
819,552.75,563.6500244,548.8499756,552.4249878,994962,519.0285034
820,555.5,560,543,550.0499878,474812,516.7970581
821,554.5,554.625,541.5250244,547.7000122,394264,514.5891113
822,553.4749756,559.7999878,547.5,549.9500122,512508,516.703125
823,550.4500122,562.5,550.4500122,558.1749878,409294,524.4307861
824,560.0250244,561.875,547.5,549,374252,515.8105469
825,551,554.9249878,548.75,550.3250122,266478,517.0553589
826,554,558.9249878,538.5250244,539.7249756,369028,507.0961914
827,541,546.9249878,535.0750122,539.5250244,347968,506.9083252
828,544.7249756,544.7249756,535.5499878,539.875,222682,507.2371826
829,545.1500244,554.5,540.5,542.9500122,630462,510.1262512
830,551,574.5,545,552.3250122,2274418,518.9344482
831,557.5,561.9749756,535.5,547.3250122,561760,514.2367554
832,541.0499878,556.9749756,537.5,552.25,582148,518.8640747
833,556,574.3499756,542.5750122,544.4749756,1570668,511.5591431
834,535.5,542,529.5499878,534.4500122,530890,502.1401062
835,537.125,544.2000122,529.6749878,533.4500122,455472,501.2006531
836,549.5,565,541.6500244,560.0750122,1710306,526.2160034
837,555.9500122,587.5,554,563.25,3341314,529.1989746
838,570,578.9500122,550.7999878,556.125,1190970,522.5047607
839,561.9749756,584.5,560,580,1404384,544.9364624
840,585.2249756,630,585,624.125,6043016,586.3938599
841,628.4749756,655.5,625.5,644.7999878,5374274,605.8189697
842,646.7249756,699.5,632.5999756,690.7000122,8430452,648.9440918
843,695.5,728.5,675,699.9749756,6787604,657.6583252
844,694.9749756,708.625,683,687.9000244,2507708,646.3134766
845,682,691.0750122,669.7750244,674.9500122,1328524,634.1462402
846,675.5,714.9500122,675.5,689.9249878,3944170,648.2158813
847,715,715,692.75,697.2750244,4806414,655.1216431
848,705,711.9500122,676.7750244,680.5750122,1917914,639.4312134
849,680,696.8499756,670.0999756,691,2031434,649.2260132
850,691,696.2249756,675.7249756,683.9749756,1335442,642.6257324
851,683.9749756,693.4249878,658,687.1500244,1826452,645.6087646
852,687.0250244,706.3499756,680.5250244,702.625,1949648,660.1482544
853,706.1500244,720.875,684.9749756,704.9749756,4616986,662.3560791
854,707,712.5,697.5250244,701.5250244,1476220,659.1146851
855,701,743.4749756,700,715.9749756,5121110,672.6911011
856,722,740.7999878,707.5,715.2999878,4214790,672.0568848
857,711.9749756,724.5,683.0999756,688.5999756,2391458,646.9711304
858,694.4249878,712.5999756,670,679.625,3610208,638.5385132
859,677.5499878,687.4000244,670.0250244,678.4249878,1233098,637.4111328
860,685.1500244,694.7249756,677.6749878,679.875,1318724,638.7735596
861,683.4000244,688.2000122,663.3250122,670.7000122,1244282,630.1531372
862,675.4000244,679,666.2999878,668.2750244,959318,627.8748779
863,670,683.2000122,667.9000244,673.2999878,949512,632.5960083
864,674.5,686.9000244,663.5250244,669.5999756,2481174,629.1196899
865,687.4500122,689.4749756,671.0250244,677.2249756,1750880,636.2836914
866,676.6500244,683.7249756,663.3250122,669,1330144,628.5559692
867,670.0250244,681.1500244,668,672.7999878,859422,632.1262817
868,672.7999878,705.5,670,687.5,2481466,645.9376221
869,685.5,693.9000244,670,673.4500122,1187436,632.7369385
870,680.1500244,694.9249878,676.5,678.5750122,1441760,637.552124
871,683,686.5,672.75,675.8250122,906940,634.9684448
872,681.5,697.2750244,675.5999756,682.4000244,1121032,641.1459351
873,682.4000244,701.4749756,678.5,698.375,1573200,656.1550293
874,700,714.3499756,693.5,697.3250122,1867518,655.1686401
875,700,733.25,697.3250122,721.875,4466704,678.234436
876,737.5,783,730,740.2000122,7684378,695.4516602
877,751.5,761.5,702.5999756,715.0250244,3102698,671.798584
878,712,729.0250244,690.1500244,704.9500122,2088236,662.3326416
879,710,714.4500122,680,685.6500244,1424668,644.1994629
880,692,698.4000244,647.5250244,663.5750122,2039040,623.4588623
881,662.5,669.7000122,642.0999756,661.5250244,1261996,621.5328979
882,659,667.5,656.7000122,662.4500122,1327718,622.4019775
883,663,676.2750244,655,658.5499878,1012222,618.7376709
884,658.5499878,658.9500122,630,633.3499756,1696902,595.0612183
885,625,662.3499756,616.9500122,653.2999878,2039752,613.8050537
886,659.8250122,671.9749756,652.0999756,664.4500122,1588772,624.2809448
887,664.5,679.9749756,661.7000122,666.2000122,1884282,625.925293
888,671.7000122,680.5,658.1749878,661.875,1889084,621.8617554
889,665.4500122,672.5,662.5,670.0499878,147072,629.5426025
890,675.4749756,686.5999756,670.625,675.5499878,2097112,634.710022
891,677.4000244,695.5,676.0250244,684.5,1575872,643.1188965
892,683.5,694.75,683,687.4500122,1127294,645.890625
893,687.9500122,707.2750244,680.0499878,697.5250244,3241430,655.3565063
894,707.5,711.25,689,708.5750122,2760032,665.7385254
895,712.5,720,704,711.25,1337682,668.25177
896,709.5,728,706.7999878,714.7000122,1975778,671.4932251
897,712.4749756,714.9000244,697.9000244,703.0499878,1754686,660.5474854
898,705,709.1500244,683.1749878,691.7999878,788220,649.9776001
899,698.5,706.2999878,671.75,681.1749878,1234350,639.9949341
900,675,708,669.5,702.7999878,1983442,667.1686401
901,709.8499756,709.8499756,682.5999756,687.9749756,932532,653.0952759
902,682.5,688.6500244,675,676.2750244,1427478,641.9884644
903,668.125,674,637.5,642.9500122,1030994,610.3530273
904,642.5,658.2249756,617.5750122,649.25,1637856,616.3336182
905,645,655.5,635.0499878,638.4500122,839842,606.0811157
906,638.7000122,657.4749756,635.8499756,654.4749756,856464,621.2936401
907,655,655.75,646.5999756,650.4249878,386902,617.4489136
908,653.5,664,645.5750122,648.25,1091386,615.3843384
909,649.3250122,658.3499756,635.7000122,639.2249756,1073828,606.8168945
910,644.9500122,655.9000244,640,643.1749878,1044366,610.5665894
911,648,657,644.375,645.9749756,896780,613.2246704
912,649.2249756,653.9249878,643.4249878,646.2000122,1161010,613.4382935
913,646.2000122,660.7999878,646.2000122,652.5499878,1415600,619.4663086
914,657.9500122,662.9749756,650,655.75,1064868,622.5040894
915,654,654,640.5,643.7999878,770360,611.1599121
916,643.5,654.4500122,641.8250122,643.2750244,562268,610.661499
917,649.6500244,651.5,637.5,640.4500122,1126552,607.9797974
918,641,642.8499756,619.625,623.8499756,2237874,592.2213135
919,617.5999756,617.9000244,590.5999756,608.0250244,2019236,577.1987305
920,610,616.2000122,602.625,607.3499756,427942,576.5578613
921,610.4000244,630,607.6500244,622.75,554362,591.1771851
922,626.4000244,627.375,617.5499878,621.25,343290,589.7532349
923,620.5,622.1749878,610.5,615.125,237280,583.9387817
924,615.125,618.3499756,606.5499878,610.25,568392,579.3109131
925,612.5,622.2249756,612.4749756,618.6749878,433522,587.3087769
926,617.5,622.3499756,613,614.1749878,371732,583.0369263
927,612.5,613.0250244,603.3499756,605.5999756,358446,574.8966064
928,605.625,616,604.25,605.3250122,1138866,574.6356812
929,607,622.8250122,606.0250244,616.8499756,1104054,585.5762329
930,618.3499756,633.4500122,616.625,624.2999878,2104244,592.6486206
931,627.4500122,639.4249878,620.0499878,634.8499756,1514570,602.6636963
932,635.5,638,622.4500122,624.1749878,1531864,592.5299683
933,624.2750244,636.5,624.2750244,628.2999878,942470,596.4457397
934,628.3250122,650,628.3250122,648.125,2852966,615.265686
935,647.7999878,652.875,635.5,640.0999756,2913574,607.6473999
936,643.5,659.6500244,642.5750122,656.2999878,1692542,623.0261841
937,657.4749756,664,650.4000244,659.875,780012,626.4198608
938,659.9249878,686,655.9749756,682.8250122,1760492,648.2064209
939,686.9749756,708.7249756,679.3499756,698.4249878,2202348,663.015564
940,699.9749756,715,690.7999878,694.7750244,1986732,659.5504761
941,695,721,685.625,716.0999756,1832218,679.7943726
942,719.2000122,723.25,706.5250244,715.5499878,1218872,679.2722778
943,712.625,728.4249878,695.5,709.0750122,1701794,673.1255493
944,714.9500122,721.9749756,672.5,680.4500122,2210358,645.9519043
945,670.5250244,719,665.9249878,710.6500244,1908080,674.6207886
946,709.75,714.625,699.2249756,711.4749756,1551976,675.4038696
947,715.9500122,735.5,702.7000122,708.5499878,1923192,672.6272583
948,724,735.25,713.8250122,721.8499756,1698662,685.2528076
949,728.8250122,737.4000244,708.75,720.875,1534430,684.3273315
950,724.5,728.875,705.5,710.2750244,1246952,674.2647095
951,712.9500122,727,703.5,708.3250122,1482606,672.4135742
952,708.2999878,716.7750244,697.2999878,700.0999756,586412,664.6055298
953,700.0999756,709.4249878,691,693.4000244,628232,658.2453003
954,695,702,682.5999756,689.0250244,999434,654.0921021
955,692.5,711.5,691.5499878,707.25,1167058,671.3931274
956,709.5,719,691.5,698.9249878,1993640,663.4901123
957,685,699.5,685,689.9749756,557218,654.9938354
958,677.5,682.4500122,663.0499878,666.4249878,694502,632.6378784
959,675,686.4749756,658,683.7000122,649632,649.0371094
960,687.4749756,696,677.4500122,681.4249878,1010008,646.8773193
961,671,687.8499756,670,682.2750244,1118614,660.2809448
962,687.5,687.5,670.25,672.9749756,1230176,651.2807007
963,665,669,647.2750244,650.5250244,1205286,629.5544434
964,632.5,644.9749756,628.5,640.8250122,1214574,620.1671753
965,640.5,662,640.5,655.0750122,1168062,633.9577026
966,645,649.6500244,620,638.125,1384050,617.5541382
967,642.9000244,666.0999756,642.9000244,657.2999878,1087016,636.1109619
968,657,696.5750122,642.5750122,693.875,1488674,671.507019
969,693.4500122,714.9749756,680.9249878,695.2000122,1845270,672.7893066
970,699.5,712.25,685.4749756,688.9000244,1188174,666.6923828
971,688,709.2750244,680.5250244,686.0499878,1445024,663.9341431
972,677.4000244,682.0750122,652.2750244,662.5250244,1176136,641.1675415
973,670.9000244,675,653.5250244,662.8499756,1160930,641.4821167
974,669.5,678.9749756,665,667.7750244,954242,646.2483521
975,668.7750244,694.5,668.7750244,684.0999756,1225572,662.0470581
976,685,703,683.5250244,692.5499878,1180240,670.2247314
977,700,702.4500122,688.5499878,690.625,948082,668.3616943
978,696.4500122,701,679.375,688.4000244,793210,666.2084961
979,697.5,740.5250244,690.5499878,731.0750122,4808698,707.5077515
980,743,747,717.5,722.9000244,2445066,699.5963135
981,729,735,719.4249878,723.0999756,1174988,699.789856
982,723.5,723.5,699.0250244,707.375,1139158,684.5717773
983,719.9500122,727.0250244,701.6500244,703.5499878,1056982,680.8699341
984,703,720.4749756,691,702.9500122,2351078,680.2894897
985,703.9249878,709.875,693.5,697.4000244,936172,674.9182739
986,699,704.4000244,690.5,699.9249878,963454,677.3618774
987,702.5,709.2249756,698,700.25,1002168,677.6763916
988,704.7000122,707.5250244,693.9749756,702.2999878,977962,679.6604004
989,717.4500122,748.1500244,705,742.4500122,3826742,718.5161133
990,746,769.9249878,740.2249756,762.1500244,4339668,737.5810547
991,766.5,796.4500122,763.5250244,780.4749756,2551602,755.3153687
992,784.375,793.5,772.5,776.375,1756158,751.3474731
993,772.5,787.25,763.9000244,773.9000244,1716074,748.9522705
994,777.4000244,812.4000244,777.4000244,789.0999756,4487878,763.6622314
995,795,816,792.7750244,810.0999756,4010552,783.9852905
996,819.3250122,846.5,815,839.7000122,5061988,812.6311035
997,841.9749756,841.9749756,819.5499878,835.4749756,2949782,808.5422974
998,839.2000122,860.7000122,834.4500122,838.8250122,2013610,811.7842407
999,834.9500122,877.0750122,830,868.9749756,4052334,840.9622803
1000,874,879,834.4000244,845.3250122,2087080,818.0747681
1001,849.9749756,860,828.625,836.2000122,1140070,809.2438965
1002,840,854.4000244,834.5750122,838.4500122,1076504,811.4213257
1003,834,867.9249878,831.0750122,839.2750244,1945030,812.2197876
1004,832.5,837.4500122,798.7999878,813.5750122,1686524,787.3483276
1005,818.4249878,839.4000244,814.1500244,822.9500122,1315140,796.4209595
1006,820.9500122,830.5999756,816.0250244,820.9249878,1044702,794.4613647
1007,824.625,829.4249878,809.5750122,816.1749878,1526388,789.8644409
1008,820.4000244,824.5,793,797.5499878,1275486,771.8399048
1009,789,803.5499878,784.3250122,787.5999756,1161508,762.2105103
1010,793,807,784.6500244,790.9500122,1682782,765.4525757
1011,797.5499878,811.9249878,791.375,797.8250122,1001110,772.105896
1012,789.5,796.7999878,780.0499878,791.4249878,1230358,765.9122314
1013,777.5,792.5,770,783.3250122,1000198,758.0734253
1014,785.75,794.9749756,771.5250244,775.3250122,913308,750.3313599
1015,776,785.8250122,759.0750122,778.5,1278840,753.4039917
1016,774.9749756,792.2750244,750,758.4749756,1394432,734.0244141
1017,761.5,784.9500122,734,754.9500122,2715380,730.6131592
1018,765.5,805,760.9249878,800.2000122,2134260,774.4044189
1019,808,839.4249878,806.0250244,835.8250122,2057806,808.8810425
1020,843.9249878,849.5,833.0499878,840.5,1698510,813.4052734
1021,821.5,848.5,812.5,842.875,1285596,815.7037354
1022,862.5,893.5,859.75,878.5999756,3816272,850.2770386
1023,886.5,925,880,907.9000244,4954548,878.6325684
1024,909.875,916.5,882.4249878,892.3250122,1593430,863.5596924
1025,892.3250122,912,869.5250244,872.7000122,1799772,844.5673218
1026,880,887.5,852.9000244,881.5,1533562,853.0836182
1027,895,916.4749756,885.5,897.0750122,1846810,868.1564941
1028,909,923.125,901.0999756,910.9500122,1385854,881.5842896
1029,911,936,905.2750244,919.1500244,1873818,889.5198975
1030,924,964.3499756,920,946.6749878,4099956,916.1575928
1031,950,962.3250122,942.5,948.7999878,1964814,918.2141113
1032,954,959.9500122,934.5499878,948.8499756,1255358,918.2624512
1033,950,957.375,936.9749756,943.9249878,1439400,913.4962158
1034,955.9000244,970.7750244,945.25,949.2999878,3436266,918.697998
1035,952.5,955,911,921.2249756,1894752,891.5279541
1036,921.5,940,910.2249756,937.0499878,1409134,906.8428345
1037,924.5,949.3250122,921.2999878,946.4749756,1254786,915.9639893
1038,929.9749756,938.625,920.0999756,927.4500122,1449750,897.5523071
1039,924.9749756,945.8499756,923,941.9249878,1373658,911.56073
1040,949.75,949.75,926.5250244,929.5499878,825786,899.5845947
1041,943.9749756,944.9749756,890.5,898.5499878,1563972,869.5839844
1042,887.5,986.2750244,882.2750244,949.3499756,8249262,918.7463989
1043,950,970.5,850,862.4000244,5165108,834.5993042
1044,879.5,905.9749756,866,902.5499878,2085472,873.4550171
1045,891.9500122,908.9749756,879.4000244,890.0750122,1488688,861.3822021
1046,901.4749756,913.6500244,875.1500244,885.25,3107600,856.7127075
1047,895,905,888.5,898.1500244,742786,869.1968994
1048,910.4749756,912.375,898.5,904.25,727950,875.1003418
1049,903.75,908.5999756,896.5499878,900.0750122,761634,871.0598145
1050,889.5499878,900.9000244,888,891.8499756,1100850,863.0999146
1051,894.4500122,899.5,878,884.9000244,662900,856.3740234
1052,881.5,889.8499756,863.7000122,868.0999756,860300,840.1156616
1053,872,902.5,870,888.1749878,1613616,859.543457
1054,892.5,902.5,875,879.5250244,898662,851.1723633
1055,882.5,889.5499878,866.9500122,873.5499878,1541340,845.3898315
1056,877.5,897.4500122,862.2750244,867.8499756,1550608,839.8736572
1057,877.25,886.0499878,864.5250244,870.2750244,1620218,842.220459
1058,872,884.2750244,869.7999878,873.0499878,1436876,844.9060059
1059,872.5,881.5250244,865,870.8250122,1094328,842.7526855
1060,873.25,877.6500244,860.0499878,862.0499878,1539698,834.2605591
1061,862.375,878.5,862.0499878,865,1251144,837.1155396
1062,869.3499756,873.7000122,860.5,863.0499878,1116446,835.2283325
1063,874.2000122,891,867.7750244,886.7999878,1935542,858.2128296
1064,889,914.7249756,887.5,912.0499878,2952758,882.6487427
1065,920.2750244,928.4000244,908.0999756,915.5499878,1960542,886.0359497
1066,918.4500122,929.9000244,911,923.9000244,1500514,894.1168213
1067,928,949.9749756,928,934.4749756,2977562,904.3509521
1068,934.9500122,954.375,934.0250244,951.7249756,2356300,921.0447998
1069,951.7249756,961.25,936.4500122,941.8250122,1967752,911.4639282
1070,942.5,970.9000244,942.5,969.5750122,1957612,938.319458
1071,978.9500122,1017.5,971.25,1012.325012,3884756,979.6912842
1072,1020,1033.300049,1006.049988,1012.5,1988732,979.8606567
1073,1015,1029.699951,1008.724976,1014.599976,1776780,981.8930054
1074,1014.5,1037.474976,1012.5,1024.175049,1778528,991.1593018
1075,1026.175049,1033.150024,1001.5,1012.450012,1164778,979.8122559
1076,1017.525024,1019.349976,990.7750244,1002.325012,1684594,970.0136719
1077,1005,1007,987.875,998.6500244,1403264,966.4570923
1078,1003.5,1087,1001,1079.625,7183926,1044.821899
1079,1080,1102.125,1067.75,1084.150024,3451804,1049.200928
1080,1090.550049,1149,1087.150024,1132.224976,5522052,1095.726074
1081,1132.400024,1146.824951,1109,1135.099976,3423576,1098.508301
1082,1143.349976,1154.900024,1115.849976,1148.650024,2581672,1111.621582
1083,1154.025024,1164.800049,1140.75,1145.275024,1766172,1108.355469
1084,1147.5,1174.974976,1143.050049,1157.675049,2665298,1120.355835
1085,1159.824951,1163.300049,1113.025024,1121.125,2288654,1089.690308
1086,1119.949951,1134.349976,1101,1114.875,2141126,1083.615601
1087,1109.25,1127,1103.224976,1119.25,1318978,1087.86792
1088,1120,1127.949951,1100.925049,1108.650024,1625678,1077.565063
1089,1114.400024,1124.974976,1107.800049,1110.324951,1381672,1079.193115
1090,1115,1144.474976,1111.074951,1136.625,3448186,1104.755737
1091,1115,1157.224976,1107.5,1144.599976,2438668,1112.50708
1092,1154.675049,1157,1138.025024,1147.599976,1221170,1115.423218
1093,1135.5,1164.199951,1135.5,1151.550049,2410434,1119.262207
1094,1162.5,1212.5,1160.050049,1184.75,5455060,1151.53125
1095,1190.824951,1206.074951,1176.525024,1188.75,2140418,1155.419189
1096,1194.699951,1214.75,1192.5,1197.199951,2138480,1163.632324
1097,1200,1225,1199.5,1206.699951,2718368,1172.865967
1098,1213,1218.949951,1204,1210.900024,1234534,1176.948242
1099,1217,1234,1212.5,1216.925049,2369116,1182.804443
1100,1225,1319.175049,1223.699951,1307,7416854,1270.35376
1101,1316.650024,1319,1291.75,1298.75,2767998,1262.335083
1102,1285,1313.474976,1268.650024,1284.5,2740260,1248.484619
1103,1290.925049,1292.099976,1257.099976,1272.074951,1979796,1236.407837
1104,1270,1276.949951,1209.349976,1241.699951,2923862,1206.884644
1105,1245,1264.974976,1218.074951,1240.550049,2277992,1205.766846
1106,1246.775024,1262.175049,1227.5,1230.525024,1662434,1196.022949
1107,1233.275024,1240.5,1204.5,1227.324951,2533448,1192.91272
1108,1230,1265,1220.625,1243.775024,2726474,1208.901489
1109,1247.5,1251.599976,1203.525024,1219.400024,1511820,1185.209839
1110,1196.224976,1203.974976,1135.75,1169.824951,2907240,1137.02478
1111,1175,1182.199951,1136.5,1141.175049,1899410,1109.178223
1112,1130,1158.5,1120.525024,1145.099976,1342928,1112.993164
1113,1155,1164.324951,1130.699951,1157.400024,3562366,1124.948242
1114,1157,1178.75,1145,1172.425049,1537268,1139.552124
1115,1177.425049,1189.300049,1138,1145.800049,1951292,1113.673462
1116,1161.050049,1187.099976,1160,1184,1648706,1150.802368
1117,1187.525024,1246.849976,1185.25,1238,3203376,1203.28833
1118,1234.449951,1249.5,1220.849976,1229.849976,1778044,1195.366943
1119,1220,1226.150024,1205,1209.875,1345132,1175.951904
1120,1214.5,1225.5,1180,1184.400024,1211382,1151.191162
1121,1190,1196.574951,1172.5,1180.099976,1495980,1147.011841
1122,1181.5,1199.5,1174.375,1180.199951,1493578,1147.108887
1123,1195,1202.875,1165.5,1168.5,908480,1135.736938
1124,1168.5,1193.474976,1166.525024,1181.974976,1697222,1148.834229
1125,1188.099976,1243.974976,1180,1238.974976,3098996,1204.235962
1126,1245.175049,1278.5,1224.550049,1234.974976,3684862,1200.348022
1127,1232.449951,1253,1211.275024,1224,2160936,1189.680908
1128,1232.5,1245,1190,1201.275024,1552594,1167.59314
1129,1212.275024,1212.400024,1200.5,1207.474976,404974,1173.619263
1130,1208.875,1258,1203.5,1251.925049,2591880,1216.822998
1131,1257.400024,1264.900024,1243.675049,1260.224976,1429232,1224.890259
1132,1260,1264.5,1240.800049,1262.324951,1115040,1226.931274
1133,1263,1275.974976,1256.199951,1265.025024,1038820,1229.555542
1134,1269,1274.75,1253.425049,1265.675049,841596,1230.1875
1135,1265,1274.5,1237.5,1246.925049,1265316,1211.963135
1136,1230,1283.5,1230,1272.574951,1930752,1236.893799
1137,1279.349976,1287,1262.800049,1280.474976,1865810,1244.572388
1138,1286.900024,1303.974976,1276.5,1296.300049,2117362,1259.953613
1139,1302,1302,1245,1251.275024,1930226,1216.19104
1140,1248,1250,1205.599976,1215.550049,1648594,1181.467651
1141,1232,1267,1218.599976,1239.550049,3045810,1204.795044
1142,1245.474976,1256.375,1211.125,1245.125,1631814,1210.213623
1143,1246,1266.550049,1230.25,1261.400024,1712410,1226.032227
1144,1263.75,1354.699951,1261.675049,1340.574951,9942896,1302.987183
1145,1348.199951,1361.324951,1325.550049,1341.175049,4194458,1303.570557
1146,1333.724976,1337.474976,1300.675049,1311.275024,2384470,1284.083252
1147,1309.400024,1334.324951,1292.550049,1327.199951,2329032,1299.677734
1148,1330,1368.5,1327.5,1364.574951,5499386,1336.277832
1149,1369.974976,1372.724976,1353.050049,1359.324951,2154714,1331.136719
1150,1363,1381.175049,1354.5,1363.949951,2017230,1335.665771
1151,1366,1387.474976,1361.5,1365.775024,1506132,1337.452881
1152,1370.349976,1386.099976,1366.599976,1381.275024,1508604,1352.631592
1153,1383,1386.699951,1369.525024,1376.074951,986228,1347.539307
1154,1376.074951,1384.474976,1360.775024,1377.025024,962258,1348.469727
1155,1380,1383.724976,1366.150024,1377.699951,859294,1349.130737
1156,1376.199951,1403.5,1372.5,1387.125,1871954,1358.360229
1157,1396.125,1399.5,1383.074951,1391.650024,1360562,1362.79126
1158,1380.025024,1405.900024,1376.574951,1379.25,1451394,1350.648438
1159,1380.875,1387.224976,1359.199951,1363.324951,1009110,1335.053711
1160,1365,1380.474976,1356,1376.5,1021472,1347.955566
1161,1383.349976,1387.074951,1339.724976,1360.175049,1329912,1331.969116
1162,1362.5,1372.474976,1353.5,1356.699951,953218,1328.56604
1163,1360.5,1366.324951,1350.300049,1354,813070,1325.922119
1164,1356.5,1362,1340,1341.824951,863386,1313.999512
1165,1340,1344.849976,1296.025024,1301.900024,1667784,1274.902466
1166,1300,1307.5,1272.099976,1293.224976,1548086,1266.407349
1167,1290.050049,1325,1277.675049,1322.199951,1327990,1294.781372
1168,1323,1334,1303,1328.224976,1273414,1300.681519
1169,1331.974976,1337.699951,1280.025024,1291.025024,1910302,1264.253174
1170,1294,1300.5,1246.5,1262.25,1737178,1236.074707
1171,1252.5,1262.25,1212.875,1219.824951,1735564,1194.529541
1172,1212.5,1272,1207.5,1263.574951,1637110,1237.372314
1173,1274.349976,1275.5,1245.550049,1261.050049,2309794,1234.89978
1174,1261,1280.974976,1249.199951,1262.525024,1371280,1236.343994
1175,1255,1263.375,1250,1253.275024,1502838,1227.285889
1176,1259.5,1276.099976,1258.150024,1265.625,909436,1239.379761
1177,1270,1286.974976,1263.175049,1270.25,998072,1243.908813
1178,1272,1281.625,1260.775024,1269.525024,1109886,1243.198853
1179,1275.849976,1275.849976,1236.550049,1240.974976,1376606,1215.240845
1180,1240.75,1259.224976,1225,1255.849976,1290668,1229.807495
1181,1255.949951,1270.275024,1241.025024,1250.199951,1006604,1224.274536
1182,1258.5,1271,1242.5,1247.949951,1064990,1222.071289
1183,1253,1253,1227.75,1239.675049,911896,1213.968018
1184,1245.875,1255.974976,1227.5,1232.324951,1345496,1206.770264
1185,1235,1239.675049,1220,1224.425049,805988,1199.03418
1186,1224.375,1236.125,1217.775024,1231.375,1054624,1205.839966
1187,1225,1252.5,1223.125,1238.800049,1176602,1213.111084
1188,1241.900024,1242.25,1216.849976,1228.800049,1182260,1203.318481
1189,1232.5,1238,1212.324951,1217.349976,1305786,1192.105835
1190,1217,1227.5,1203,1226.375,1079776,1200.943726
1191,1226.5,1261,1223.625,1254.75,1758206,1228.730225
1192,1264,1266.775024,1249.849976,1262.224976,1168318,1236.050293
1193,1263.324951,1275,1257.5,1272.050049,835766,1245.671509
1194,1272.050049,1272.050049,1245.175049,1260.550049,1442252,1234.410034
1195,1262.925049,1270.974976,1209.050049,1232.5,1602946,1206.941772
1196,1230,1250.949951,1211.625,1235.699951,1147896,1210.075195
1197,1241.849976,1285.400024,1235,1276.425049,2401150,1249.955933
1198,1287.5,1296.5,1150,1182.175049,4646160,1157.660278
1199,1150.025024,1203.974976,1150.025024,1178.375,1834140,1153.939087
1200,1182.5,1194.875,1155.050049,1169.949951,1316218,1145.688721
1201,1175.800049,1208.074951,1175,1201.400024,1718828,1176.486572
1202,1206.949951,1227.5,1203,1213.349976,1456402,1188.188721
1203,1219.574951,1230,1208.025024,1216.925049,800110,1191.689819
1204,1220,1238,1178.5,1204.025024,2284432,1179.057251
1205,1189.525024,1224.224976,1187.5,1201.474976,2477466,1176.560059
1206,1203,1234.824951,1201.300049,1223.449951,2257348,1198.079224
1207,1226.824951,1241.5,1221.550049,1233.650024,1409882,1208.067871
1208,1240,1247.474976,1227.974976,1241.275024,1296058,1215.534668
1209,1247,1355,1242.5,1332.699951,6259508,1305.063721
1210,1334,1374,1310.5,1319.599976,8472188,1292.235352
1211,1322,1322,1281.875,1293.574951,2273804,1266.750122
1212,1298.5,1327,1290,1311.125,2991976,1283.936157
1213,1312.5,1318.474976,1270.5,1279.775024,2344648,1253.236328
1214,1283.574951,1286.724976,1264,1270.474976,1457900,1244.129028
1215,1275.675049,1283.099976,1255.949951,1266.875,1296700,1240.603882
1216,1265,1289.5,1258.625,1286.675049,1473038,1259.993164
1217,1292.5,1303.5,1278.074951,1287.150024,1522170,1260.458374
1218,1290,1345,1287.175049,1342.125,2802016,1314.293457
1219,1355.5,1364.349976,1329,1355.275024,3566784,1327.170532
1220,1357.474976,1381.199951,1340.5,1346.025024,2545132,1318.112427
1221,1357.474976,1363.5,1348.050049,1355.375,1490630,1327.268555
1222,1352.5,1447.150024,1352.5,1431.625,8720466,1401.937378
1223,1433.974976,1446.900024,1417.5,1431.349976,2678066,1401.667969
1224,1427.474976,1456.699951,1407.224976,1424.650024,3121364,1395.107056
1225,1431.800049,1457,1387.525024,1396.675049,4027458,1367.712158
1226,1403,1407.25,1366.525024,1391.349976,2195194,1362.497681
1227,1401.925049,1435.5,1387.5,1391.675049,3016680,1362.815918
1228,1397.5,1398.75,1332.599976,1361.375,2539078,1333.144165
1229,1415,1425,1387.724976,1399.474976,4055368,1370.454102
1230,1393.949951,1393.949951,1308.300049,1322.425049,4032142,1304.322021
1231,1328.5,1336,1296,1327.775024,2647334,1309.598755
1232,1330,1337.974976,1307.5,1312.400024,1320540,1294.434204
1233,1246.5,1259.900024,1237.550049,1248.175049,10594782,1231.088501
1234,1260,1307.400024,1260,1283.75,9542446,1266.176514
1235,1262.5,1318,1262.5,1314.525024,5794146,1296.530029
1236,1314.5,1325,1310.849976,1314.224976,3718146,1296.234253
1237,1314.449951,1358.25,1308.949951,1353.375,3182244,1334.848267
1238,1359.849976,1423,1358.324951,1365.550049,6241754,1346.856689
1239,1380,1385.675049,1354.099976,1356.199951,2026130,1337.634644
1240,1363.5,1370,1335,1360.875,2337742,1342.245728
1241,1364,1387,1356.449951,1383.925049,2885656,1364.980103
1242,1386.5,1414,1383.5,1408.099976,1839512,1388.824097
1243,1414.474976,1423.5,1405.900024,1412.275024,1341074,1392.942017
1244,1412.275024,1419.300049,1396.349976,1405.775024,998346,1386.531006
1245,1407.550049,1413,1397.5,1402.474976,850886,1383.276001
1246,1402,1420,1395.5,1415.724976,1431092,1396.344727
1247,1421.75,1427.474976,1405,1414.574951,1039432,1395.210449
1248,1415.025024,1424.25,1405.699951,1410.550049,794646,1391.240601
1249,1414.5,1418.675049,1384.275024,1388.074951,1293338,1369.07312
1250,1385,1398.5,1370.25,1390.974976,1204638,1371.933472
1251,1397.150024,1417,1385.025024,1412.800049,1286140,1393.459961
1252,1413.5,1424.5,1407.550049,1412.224976,921288,1392.892578
1253,1412,1433.925049,1409.175049,1420.5,1467544,1401.054321
1254,1422,1424.900024,1410.75,1419.474976,791556,1400.043335
1255,1422.5,1462.474976,1422,1460.099976,1994824,1440.112305
1256,1469.925049,1479.025024,1460.550049,1469.150024,1528660,1449.03833
1257,1467.025024,1516,1461.449951,1502.849976,3559852,1482.2771
1258,1511.824951,1525,1470,1479.925049,1973526,1459.666016
1259,1487,1491.400024,1467.5,1472.175049,922178,1452.021973
1260,1475,1485,1462.099976,1479.400024,899728,1459.148193
1261,1482.5,1490,1442.949951,1457.150024,1102232,1437.202759
1262,1463,1480,1457.5,1477.199951,969060,1456.978149
1263,1487.5,1512,1482.5,1509.175049,2020784,1488.515503
1264,1516.5,1516.5,1473.650024,1486.974976,2713000,1466.619385
1265,1493.474976,1516,1485.324951,1512.175049,1882018,1491.474487
1266,1519.349976,1561.550049,1516.525024,1548.375,3066666,1527.178833
1267,1554.900024,1584.400024,1550.849976,1566.949951,2582144,1545.499512
1268,1572.5,1574.800049,1533.5,1546.949951,1786942,1525.773193
1269,1555,1555,1522.5,1536.650024,1215278,1515.61438
1270,1542.449951,1553.5,1524.300049,1549.650024,1190554,1528.436401
1271,1552,1564.275024,1521,1523.199951,1497886,1502.348389
1272,1523.199951,1534.949951,1498.5,1500.625,2081962,1480.08252
1273,1506.224976,1515.449951,1489.849976,1507.349976,1935542,1486.715454
1274,1514.900024,1534.949951,1497.775024,1510.099976,2405718,1489.427856
1275,1521,1526.900024,1499.025024,1506.849976,2016656,1486.222412
1276,1514.224976,1558.074951,1507.5,1551.074951,4393486,1529.841919
1277,1569,1592.5,1516.5,1558.525024,23508736,1537.189941
1278,1540,1549,1530.25,1540.375,2170032,1519.288452
1279,1547,1587.449951,1542.050049,1583.974976,2692120,1562.291504
1280,1591.875,1663,1587.650024,1641.75,4784968,1619.275635
1281,1646,1720,1644.5,1706.550049,4634846,1683.188599
1282,1735,1762.5,1728.599976,1744.025024,5907826,1720.150513
1283,1759.025024,1773.775024,1738.5,1763.699951,3310766,1739.55603
1284,1804.5,1892.5,1765.125,1866.449951,11784674,1840.899658
1285,1877.5,1900,1823.550049,1843.025024,7888898,1817.795288
1286,1849.5,1849.5,1814.025024,1819.599976,3235854,1794.690918
1287,1826.5,1869.5,1822.550049,1857.800049,3825868,1832.368042
1288,1865.099976,1873.599976,1844.074951,1853.800049,2121874,1828.422852
1289,1861.5,1943,1859.175049,1922.349976,6239354,1896.034302
1290,1949.5,1975,1932.5,1946.699951,5109292,1920.051025
1291,1949.5,1949.5,1900,1924.349976,3893862,1898.006958
1292,1939.650024,1945.175049,1880,1910.175049,3310098,1884.026123
1293,1911,1914.474976,1873.224976,1880.224976,3664396,1854.485962
1294,1889.900024,1930,1810.5,1820.275024,8572968,1795.356812
1295,1821.5,1860,1790.050049,1850.525024,5507348,1825.192627
1296,1867.099976,1885,1826.599976,1830.550049,4390540,1805.491211
1297,1842.400024,1872.5,1833,1860.949951,3532066,1835.474976
1298,1865.949951,1903.375,1850.5,1896.25,3494638,1870.291748
1299,1904.574951,1905.525024,1880.800049,1885.025024,1383142,1859.220337
1300,1885.025024,1892.5,1857.5,1861.050049,1414468,1835.57373
1301,1860.974976,1874.5,1845,1867.449951,1597660,1841.885864
1302,1870,1882.400024,1853.5,1865.525024,1736726,1839.987183
1303,1860,1892.400024,1855,1879.75,3145996,1854.0177
1304,1891.800049,1900,1870.525024,1888.224976,1850612,1862.376465
1305,1897.925049,1972.5,1895.425049,1958.724976,6498242,1931.911377
1306,1966.974976,1966.974976,1907.625,1921.925049,3088386,1895.615234
1307,1931,1949.324951,1910,1927,2637038,1900.620728
1308,1928.25,1933.5,1887.599976,1918.349976,2389776,1892.089111
1309,1928,1956.5,1901.849976,1907.849976,2722208,1881.732788
1310,1914,1937.5,1906.25,1925.125,1759552,1898.771484
1311,1926.949951,1942,1921.525024,1930.449951,1581708,1904.023438
1312,1930,1933.474976,1907.775024,1918.474976,1073984,1892.212402
1313,1925.150024,1947,1921.5,1927.224976,1781184,1900.842651
1314,1934.175049,1959.449951,1925,1942.625,1896302,1916.03186
1315,1949.5,1952.5,1914.025024,1918.175049,1092930,1891.916626
1316,1923.900024,1935,1914.324951,1929.300049,680048,1902.889282
1317,1930,1933.949951,1918,1926.474976,807498,1900.102905
1318,1925,1974.5,1915.550049,1964.5,2743224,1937.607422
1319,1972,1999.449951,1969.5,1980.75,2155884,1953.63501
1320,1983.5,1987.175049,1927.525024,1932.949951,1689700,1906.489258
1321,1933,1933.5,1856.625,1869.925049,1960584,1844.327148
1322,1869.449951,1896.525024,1850.775024,1883.275024,1441748,1857.494385
1323,1892.5,1899.974976,1870.150024,1875,1013752,1849.332642
1324,1882.5,1889.925049,1872.5,1876.025024,1035448,1850.343506
1325,1885,1897.349976,1870.875,1887.875,790866,1862.031372
1326,1893,1919.574951,1881.050049,1912.125,1270686,1885.949341
1327,1911.5,1930,1891.175049,1895.824951,791856,1869.872437
1328,1906.050049,1934.425049,1881.525024,1895.5,2200848,1869.552002
1329,1892.425049,1946,1857.699951,1939.425049,2643174,1912.875732
1330,1940.025024,1957.5,1915.5,1950.074951,1322556,1923.379761
1331,1954.5,1964.125,1930.699951,1934.625,1116772,1908.141357
1332,1935,1941.5,1890,1894,1153394,1868.072388
1333,1893.925049,1916.875,1890.425049,1910.425049,888908,1884.272705
1334,1913.900024,1954.099976,1911.050049,1945.724976,1811764,1919.089478
1335,1950,2024.949951,1947.699951,2015.550049,5100426,1987.958496
1336,2067.5,2067.5,1978.449951,1982.724976,5055676,1962.886963
1337,1994.400024,2009.5,1946.050049,1955.199951,2341784,1935.637329
1338,1965,1979.800049,1950,1957.625,1480930,1938.038086
1339,1961.724976,1964.5,1937.574951,1948.675049,1921322,1929.177612
1340,1964,1979,1950.025024,1952.650024,1591546,1933.112915
1341,1959.5,1964.5,1938.300049,1950.150024,1989702,1930.637817
1342,1959.900024,1989.400024,1954.5,1970.875,1778540,1951.155518
1343,1982.175049,2009.5,1975.525024,1983.125,2012218,1963.282959
1344,1989.400024,1992.5,1971.599976,1976.425049,837472,1956.649902
1345,1980.800049,1999.349976,1975.525024,1994.724976,1215652,1974.766846
1346,2000,2034.949951,1998.875,2020.125,2602116,1999.91272
1347,2029.949951,2069.449951,2025.5,2052.774902,2895476,2032.235962
1348,2085,2085,2033,2041.349976,1653588,2020.925415
1349,2050,2050.925049,1965,1970.400024,1895288,1950.685303
1350,1975,1995,1945.050049,1985.150024,1477608,1965.287598
1351,1991.974976,1994.75,1970,1979.099976,722168,1959.298096
1352,1986.949951,1988.875,1970.050049,1973.824951,786220,1954.075928
1353,2050,2055.574951,1978.925049,1991.800049,2944968,1971.871216
1354,1992.150024,2028.75,1982.5,1996.300049,2439714,1976.326172
1355,2003.349976,2012,1950.800049,1957.724976,1535970,1938.137085
1356,1963.400024,1979.25,1927.5,1935,1490806,1915.639404
1357,1943.300049,1944.699951,1907.5,1927.5,1657588,1908.214478
1358,1931.900024,1958.425049,1927.824951,1935.574951,1670334,1916.208618
1359,1937,1941.824951,1916,1918.849976,1706940,1899.651001
1360,1934.800049,1941.599976,1885,1889.150024,1992076,1870.248169
1361,1898,1942.75,1897.099976,1928.150024,1147905,1908.858032
1362,1939.150024,1963.800049,1926.099976,1957.050049,2009422,1937.468872
1363,1957.050049,1958.949951,1888,1916.25,1825706,1897.077148
1364,1935.150024,1972,1931.150024,1943.849976,1976433,1924.400879
1365,1945.150024,1964,1943,1956.099976,1029633,1936.528198
1366,1936,1947,1915.650024,1920.849976,824232,1901.630981
1367,1940,1967.650024,1935.550049,1959.449951,1658275,1939.844727
1368,1964.800049,1980,1957.5,1961.599976,895385,1941.973267
1369,1961.599976,1974.599976,1958,1968.449951,537987,1948.754761
1370,1960,1990,1955.050049,1975.099976,770978,1955.338135
1371,1974.050049,1979.949951,1956.800049,1963.300049,786576,1943.656372
1372,1972.849976,1972.900024,1960.099976,1963.699951,449525,1944.052246
1373,1965,1984.050049,1950,1962.650024,753713,1943.012817
1374,1957,1965.5,1946.099976,1953.900024,437558,1934.350342
1375,1945.900024,1954.550049,1905.050049,1912.699951,771497,1893.5625
1376,1912.699951,1917.800049,1841.099976,1845.300049,1149806,1826.837036
1377,1845,1872.199951,1782.550049,1809.849976,1625270,1791.741577
1378,1795,1831.849976,1767.800049,1819.449951,1478145,1801.245483
1379,1829.949951,1861.650024,1825.650024,1854.400024,1140613,1835.845825
1380,1870,1870,1830.050049,1834.599976,796456,1816.244019
1381,1836,1848,1818.650024,1823.050049,691198,1804.80957
1382,1828.849976,1831.75,1819,1822.699951,575637,1804.463013
1383,1835,1858.300049,1823,1855.449951,728430,1836.885376
1384,1865.75,1904.900024,1857,1901.75,1032482,1882.722168
1385,1910,1938,1908,1934.75,975588,1915.391968
1386,1939.949951,2023,1930,2017.150024,2897381,1996.967529
1387,2026.949951,2048,2008.75,2044.550049,1748876,2024.093384
1388,2045,2049.75,2026,2030.800049,679939,2010.480957
1389,2041.650024,2110.949951,1995,2058.899902,4755794,2038.299561
1390,2072,2075,2041.800049,2060.350098,1183911,2039.735352
1391,2066.050049,2105,2040.550049,2091,1634396,2070.078613
1392,2092.850098,2155,2085,2114.300049,2450457,2093.145508
1393,2120.100098,2148.899902,2115.75,2126,1087862,2104.728271
1394,2137.300049,2167,2116,2146.600098,1452454,2125.122314
1395,2154,2161.949951,2135,2144.300049,832725,2122.845215
1396,2144.949951,2152.100098,2088.949951,2112.100098,1014171,2090.967529
1397,2116.949951,2159,2107.649902,2146.25,1259937,2124.775635
1398,2154.899902,2251,2145.75,2240.300049,2909879,2217.884766
1399,2309,2334.350098,2266,2287,3488568,2264.117432
1400,2332,2356.050049,2300.649902,2343.399902,2349730,2319.953125
1401,2369.899902,2444,2307,2379.800049,7273415,2355.989258
1402,2495,2500,2437.149902,2462.25,4012398,2437.614258
1403,2534,2534.5,2473,2519.399902,2351668,2494.192139
1404,2519.399902,2573,2505.199951,2552.949951,1840576,2527.406494
1405,2559,2754.149902,2556.550049,2714.600098,6078296,2687.439209
1406,2730,2741.699951,2661.149902,2689.75,2607706,2662.837891
1407,2700,2783.199951,2690.050049,2733.649902,2833575,2706.29834
1408,2739.949951,2813,2722.350098,2791.75,2624284,2763.817383
1409,2805.149902,2820.25,2715.300049,2739.899902,2393861,2712.486084
1410,2749,2778,2736.550049,2770,1438726,2742.284668
1411,2785,2813.550049,2765.149902,2773,1193987,2745.254883
1412,2785.850098,2792.75,2716.100098,2761.800049,1430382,2734.166992
1413,2760,2849.75,2752.25,2813.100098,2920105,2784.953857
1414,2819.949951,2824.399902,2776.75,2787.449951,1272030,2759.560303
1415,2797.949951,2819.949951,2651,2665.899902,1947471,2639.226318
1416,2639,2737.949951,2585,2706.5,2206814,2679.420166
1417,2723,2727,2677.600098,2703.699951,1000294,2676.648193
1418,2710,2829.949951,2701.25,2820.649902,2160870,2792.427979
1419,2832.949951,2836.949951,2788,2808.199951,1156573,2780.102539
1420,2812.5,2827,2796.050049,2805.800049,1003223,2777.726807
1421,2807.899902,2830,2784,2804,765894,2775.94458
1422,2805.100098,2859.899902,2805.100098,2826.350098,1038164,2798.071289
1423,2829.899902,2838.75,2748.449951,2791.800049,1047639,2763.866699
1424,2763,2886.550049,2763,2870,2164728,2841.284424
1425,2876,2918,2865.350098,2904.25,1740167,2875.19165
1426,2980,3079,2965.100098,2998.850098,5560237,2968.845215
1427,3017,3034.949951,2985,2995.600098,1682520,2965.627686
1428,3020,3074.800049,3001,3010.25,1979028,2980.131104
1429,3017.100098,3025.5,2978.149902,3017.300049,1248563,2987.110596
1430,3029.899902,3042.850098,3013,3020.449951,723628,2990.229004
1431,3030,3030,2991,3001.949951,867631,2971.914063
1432,3016,3039.199951,2985,3030.550049,1135342,3000.228027
1433,3054,3064.449951,2941.75,2993.550049,2214293,2963.598145
1434,2980,3008.100098,2931.800049,2958.300049,1643170,2928.700928
1435,2957.5,2981,2845.699951,2967.600098,2066487,2937.907959
1436,2985,3032,2982.199951,3028.149902,1203346,2997.851807
1437,3007,3022,2847.25,2890.5,1628038,2861.579346
1438,2889.949951,2941.949951,2820,2931.449951,1330866,2902.119385
1439,2940,2958.300049,2875,2903.800049,1309130,2874.746094
1440,2910,2985,2903.899902,2976.949951,1213259,2947.164307
1441,2991.75,3065,2986.050049,3012.550049,1853804,2982.407959
1442,3015,3018.5,2981.850098,2999.399902,1074596,2969.389404
1443,3020,3074,2955.149902,2997.550049,1920618,2967.558105
1444,3012,3047.949951,2965.350098,2970.699951,1256014,2940.976807
1445,2980,3005,2912.699951,2932.5,936558,2903.158936
1446,2936.949951,2969,2907.050049,2958.449951,1421958,2928.849365
1447,2964.899902,2978,2922,2949.75,893201,2920.236328
1448,2963,3132,2956.050049,3097.199951,4475010,3066.211182
1449,3127,3127,2920,2965.350098,3176427,2935.68042
1450,2975,2987.050049,2828,2846.050049,2890465,2817.573975
1451,2861.800049,2933,2824.850098,2922.600098,1805862,2893.358154
1452,2887,2966.399902,2855.300049,2957.100098,1112043,2927.512939
1453,2990,3034,2983.149902,3023.199951,1788864,2992.951416
1454,3044,3105,3035.199951,3078.800049,2732655,3047.995361
1455,3099.949951,3113.899902,3016.850098,3021.75,1615343,2991.516113
1456,3018.800049,3018.800049,2971,2995.300049,979624,2987.078125
1457,2997.949951,3025,2935.100098,2948.050049,1281770,2939.958008
1458,2959,3010,2940,3005.649902,919890,2997.399658
1459,3006,3065.5,3006,3045.5,1388116,3037.140381
1460,3045.449951,3075,3013.699951,3049.75,849178,3041.378662
1461,3044.949951,3125.75,3033.25,3095.5,2050688,3087.003174
1462,3114,3170,3061.25,3085.199951,2725678,3076.731445
1463,3084.949951,3105,3014.100098,3084.050049,1382425,3075.584717
1464,3099,3164,3092,3154.300049,1516443,3145.641846
1465,3157,3226.850098,3133,3214.949951,1892157,3206.125244
1466,3229,3266.75,3201,3237,1502498,3228.114746
1467,3238.800049,3245,3154.300049,3228.199951,1292669,3219.338867
1468,3262,3334,3255.050049,3317.300049,2251410,3308.194336
1469,3365,3428,3336,3371.449951,2519751,3362.195557
1470,3375,3380,3241.100098,3267.550049,1421483,3258.580811
1471,3250,3270.350098,3015.75,3039.5,3448647,3031.156738
1472,3053.949951,3177.899902,3017.050049,3165.949951,2329439,3157.259766
1473,3164.949951,3182.550049,3006,3099.100098,2864705,3090.593262
1474,3138,3184,3105.399902,3121.949951,1967550,3113.380371
1475,3111.75,3144.399902,3034.350098,3058.899902,1666528,3050.503418
1476,3074,3080,2913.600098,2980.5,2975349,2972.318848
1477,3024,3128.449951,3020,3121.350098,1962690,3112.782227
1478,3114.050049,3209.899902,3085,3170.800049,2086220,3162.096436
1479,3193,3305,3180,3300.800049,2573125,3291.739746
1480,3317,3324.899902,3245,3281.050049,1503735,3272.043945
1481,3291,3345,3272,3327,1385868,3317.867676
1482,3392,3454.25,3362.100098,3403.350098,2513886,3394.008301
1483,3440,3584,3412,3543,3169551,3533.274658
1484,3540,3610.800049,3508.300049,3589.300049,2077663,3579.447754
1485,3609.949951,3614.949951,3512.199951,3540.949951,1591827,3531.230469
1486,3545,3595,3507.850098,3586.050049,1123258,3576.206543
1487,3600,3600,3543.050049,3567.149902,865339,3557.358398
1488,3568,3589,3527,3546.550049,649755,3536.815186
1489,3550,3623.600098,3548.649902,3565.399902,1160813,3555.613281
1490,3565,3677.550049,3550,3638.100098,3042596,3628.11377
1491,3640,3700,3564.050049,3629.25,3848159,3619.288086
1492,3626,3738.949951,3585.350098,3722.149902,2939862,3711.932861
1493,3744,3768,3652.699951,3677.149902,2294396,3667.056396
1494,3660,3761.149902,3621,3751.300049,2256325,3741.003174
1495,3800,3810,3732.600098,3785.5,1337755,3775.109131
1496,3800,3831.850098,3783.050049,3795.699951,1321429,3785.281006
1497,3826.100098,4000,3812.5,3946.699951,4429158,3935.866699
1498,3958.600098,4035,3939,4000.75,2632613,3989.768311
1499,4019.949951,4039.949951,3966.350098,3984.399902,1432727,3973.463135
1500,4006.350098,4044.75,3975.300049,4017.699951,1202126,4006.671631
1501,4035.350098,4035.850098,3930,3939.350098,2054258,3928.536865
1502,3942,3973.100098,3931.399902,3947.199951,1008325,3936.365234
1503,3952.25,3967,3880,3920.199951,1180369,3909.439453
1504,3936,3938.399902,3785.050049,3816.399902,1613143,3805.924316
1505,3815.449951,3839,3693.399902,3715,1975562,3704.802734
1506,3703,3883.199951,3671,3856.5,1993745,3845.914307
1507,3895.800049,3954,3820.449951,3846.649902,2335375,3836.091064
1508,3860,3907.699951,3820.649902,3872.899902,1462534,3862.269043
1509,3875.5,3937,3762.600098,3921.75,1619124,3910.985107
1510,3979.649902,4086.25,3976,4074.699951,2964966,4063.515137
1511,4105.799805,4193.600098,4051,4182.350098,2310941,4170.870117
1512,4215,4656.399902,4157,4603.700195,10028325,4591.063477
1513,4644.950195,4665.950195,4485.049805,4531.700195,5664667,4519.26123
1514,4750,4870,4725.149902,4782.25,5540182,4769.123047
1515,4810,4960.600098,4735,4921.200195,5032087,4907.691895
1516,4944,4993,4908,4949.899902,3335143,4936.312988
1517,4950,5378,4921.100098,5166.649902,9073866,5152.467773
1518,5192.5,5223.200195,5025.299805,5142.350098,4228002,5128.234863
1519,5139,5207.899902,4955,5019.75,4402348,5005.971191
1520,5000,5152,4950,5051.75,4225666,5037.883301
1521,5062.049805,5090,4953.049805,4976.25,2751972,4962.59082
1522,5020,5042.799805,4862.200195,4973.850098,3912234,4960.197266
1523,5444,5444,5162.299805,5273.649902,4619434,5259.174316
1524,5145,5145,3955.25,4333.350098,15486676,4321.455566
1525,4421.149902,4449.100098,3920,4364.899902,13759681,4352.918457
1526,4450,4800,4450,4666.600098,9128985,4653.790527
1527,4666.649902,4788,4550,4745.149902,4542809,4732.125
1528,4800,4844,4751.549805,4812.700195,2877321,4799.489746
1529,4831.049805,4922.549805,4830,4856.600098,2718189,4843.269043
1530,4881.799805,4925.299805,4841.549805,4889,2031876,4875.580078
1531,4940,5117.549805,4856,5099.700195,4364888,5085.702148
1532,5140,5260,5103.75,5200.549805,6319680,5186.274902
1533,5460.100098,5567,5389.5,5533.450195,9934132,5518.26123
1534,5580,5582.799805,5261.100098,5311.950195,7351379,5297.369141
1535,5311,5381.299805,5156.600098,5288.600098,4867153,5274.083496
1536,5298.5,5341.5,5151,5170.549805,4063083,5156.356934
1537,5170,5344.399902,5114.600098,5325.049805,3699083,5310.433105
1538,5375,5455,5330,5371.649902,3493916,5356.905273
1539,5367.549805,5410,5274.600098,5285.450195,2351908,5270.941895
1540,5265,5309.450195,5213,5281.5,2864946,5267.00293
1541,5299,5344,5250.049805,5264.25,1565629,5249.800293
1542,5270,5409,5253.299805,5394.049805,2307080,5379.243652
1543,5400,5420,5300,5344.049805,1706329,5329.380859
1544,5366.950195,5480,5331.450195,5459.299805,2852572,5444.314453
1545,5475,5568.700195,5459.299805,5515.100098,3743401,5499.961426
1546,5535,5624.950195,5482.5,5552,3446662,5536.760254
1547,5580,5662.450195,5560.5,5621.950195,3536842,5606.518555
1548,5638.899902,5674.75,5517.049805,5539.600098,2392991,5524.394531
1549,5568.799805,5580,5319,5486.149902,2121407,5471.09082
1550,5500,5575,5465,5547.600098,1843378,5532.372559
1551,5570,5578.450195,5446,5489.200195,1387762,5474.132813
1552,5495,5535,5429,5504.600098,1316307,5489.490234
1553,5492.200195,5501,5311.700195,5329.399902,2661970,5314.770996
1554,5325,5325,4975,5015.75,7950717,5001.982422
1555,5010,5020,4783.100098,4800.25,6373234,4787.07373
1556,4799.75,5073.850098,4678,4997.25,6315834,4983.533203
1557,5045,5069,4510,4856.100098,7108160,4842.770508
1558,4855,4967.149902,4803.100098,4849.5,2601966,4836.188477
1559,4780,4893.75,4732.049805,4830.049805,2232884,4816.791504
1560,4850,4933.75,4842,4905.399902,1492223,4891.935059
1561,4946.799805,5042,4911,5030,2448415,5016.192871
1562,5049.950195,5082,4945.100098,4953.649902,2499857,4940.052734
1563,4953.649902,4987.899902,4912,4922.850098,1298852,4909.337402
1564,4922,4946.899902,4797.600098,4813.299805,2347381,4800.087891
1565,4740,4768,4631.350098,4695.75,3205399,4682.860352
1566,4501.049805,4663.799805,4480.100098,4591.100098,3622642,4578.498047
1567,4601,4737.100098,4500,4514.299805,2117464,4501.908203
1568,4600.950195,4749,4570,4740.450195,2000224,4727.437988
1569,4742,4759.950195,4660,4667.850098,1301394,4655.037109
1570,4746.700195,4773.5,4702.549805,4723.899902,1039025,4710.933105
1571,4690,4759.700195,4682.100098,4726.549805,1030708,4713.575684
1572,4748,4774.100098,4685,4701.350098,1465327,4688.445313
1573,4704.799805,4811.5,4593.75,4661.700195,3928422,4648.904297
1574,4769.5,4794.600098,4660,4769.799805,2878549,4756.707031
1575,4810,4858,4774.450195,4792.25,2362884,4779.095703
1576,4797,4809.950195,4683.600098,4736.049805,1472860,4723.049805
1577,4710,4772.600098,4702.299805,4731.149902,949203,4731.149902
1578,4740,4814,4722,4768.100098,1218312,4768.100098
1579,4807,4864,4777.600098,4822.75,1857673,4822.75
1580,4850,4850,4770,4802,1390960,4802
1581,4795,4798.600098,4715,4721.450195,1074033,4721.450195
1582,4724,4763,4670,4685.149902,798611,4685.149902
1583,4660,4683.450195,4540.450195,4601.950195,1715519,4601.950195
1584,4614,4702.450195,4602.799805,4679.950195,1630572,4679.950195
1585,4699,4715,4662.799805,4688,1121937,4688
1586,4922.649902,4925,4801.649902,4832.350098,3960603,4832.350098
1587,4845,4950,4795.350098,4861.850098,3164300,4861.850098
1588,4871,4887.899902,4776.049805,4792.450195,1801363,4792.450195
1589,4785,4797.5,4695,4703.450195,1417853,4703.450195
1590,4688.100098,4692.950195,4581.200195,4656.850098,1571610,4656.850098
1591,4680,4736.899902,4676,4685.399902,1258288,4685.399902
1592,4670,4708.399902,4585,4598.75,1173915,4598.75
1593,4607.950195,4653.700195,4596.149902,4641.700195,933061,4641.700195
1594,4658,4690,4632,4644.950195,867679,4644.950195
1595,4655,4662.899902,4590.049805,4597.350098,642977,4597.350098
1596,4599,4599.899902,4426.549805,4458.5,2413098,4458.5
1597,4453.950195,4485,4421,4437.649902,1326709,4437.649902
1598,4435,4464.100098,4172,4231.799805,4675647,4231.799805
1599,4229.950195,4393.450195,4192.649902,4333.350098,3502389,4333.350098
1600,4370,4460.799805,4354,4437.950195,1698571,4437.950195
1601,4437.950195,4444,4362,4402.450195,1374111,4402.450195
1602,4399.950195,4440,4372.549805,4389.25,1032339,4389.25
1603,4390.950195,4405,4318,4369.299805,995154,4369.299805
1604,4391.049805,4484.350098,4374.450195,4474.149902,2193012,4474.149902
1605,4460,4463,4385,4420.649902,1327395,4420.649902
1606,4428,4446,4398.049805,4426.100098,841972,4426.100098
1607,4344.950195,4428.899902,4254,4267.450195,1628669,4267.450195
1608,4260,4334.350098,4200,4256.649902,1374135,4256.649902
1609,4256.649902,4318.649902,4120.350098,4165.899902,1656254,4165.899902
1610,4160,4389.799805,4145,4368.299805,2008330,4368.299805
1611,4386,4447.850098,4368,4386.549805,1355805,4386.549805
1612,4398,4538,4365.049805,4482.25,2294983,4482.25
1613,4486,4515,4431.350098,4446.149902,860513,4446.149902
1614,4518.299805,4544.799805,4488.450195,4507.549805,1482299,4507.549805
1615,4524,4597.899902,4498.450195,4575.399902,1760628,4575.399902
1616,4619,4676.600098,4600,4656.25,2398061,4656.25
1617,4671,4671,4505.25,4518.600098,1346544,4518.600098
1618,4493.600098,4559,4423.25,4524.700195,1369365,4524.700195
1619,4534.799805,4586.799805,4490,4514.450195,1095298,4514.450195
1620,4499.950195,4507.75,4290.450195,4301.700195,1544137,4301.700195
1621,4282,4305.549805,4191.450195,4233.75,1624578,4233.75
1622,4234.25,4284.450195,4185.049805,4197.149902,956246,4197.149902
1623,4200,4218.899902,4075.199951,4165.600098,1520490,4165.600098
1624,4200,4218.899902,4098.200195,4148.75,1207398,4148.75
1625,4150,4285,4115.200195,4274.5,1523375,4274.5
1626,4264.950195,4334,4225,4236.299805,1526646,4236.299805
1627,4236,4270.200195,4195.549805,4246.700195,1137221,4246.700195
1628,4269.799805,4295.549805,4257.049805,4288,170153,4288
1629,4287.950195,4287.950195,4196,4208.25,1013884,4208.25
1630,4200,4280,4130,4261.950195,1215686,4261.950195
1631,4276,4420,4270.049805,4390.149902,1228872,4390.149902
1632,4404,4454,4381.100098,4433.799805,1185134,4433.799805
1633,4435.549805,4476.850098,4380,4400.600098,1073330,4400.600098
1634,4383.950195,4489.899902,4347.200195,4443.700195,1152838,4443.700195
1635,4455,4469,4221,4243.5,1366992,4243.5
1636,4220,4220,4045.550049,4066.899902,2076393,4066.899902
1637,4080,4185,3920.350098,4087.050049,3878379,4087.050049
1638,4189.950195,4248,4060.050049,4077.850098,1939714,4077.850098
1639,4100,4148.700195,4040,4057.149902,1425438,4057.149902
1640,4072.449951,4079.800049,3931.050049,3983.449951,2061517,3983.449951
1641,3992,4127.100098,3988.100098,4111.350098,1404647,4111.350098
1642,4280,4319.100098,4231.25,4289.950195,2249045,4289.950195
1643,4309.799805,4408.350098,4301.049805,4364.549805,1967056,4364.549805
1644,4376,4488.700195,4355,4474.649902,2144888,4474.649902
1645,4500,4529.5,4451.25,4466.850098,1454277,4466.850098
1646,4459,4499,4420.700195,4476.850098,967791,4476.850098
1647,4475,4526.450195,4444,4504.75,1068673,4504.75
1648,4520,4545,4481.399902,4518.850098,1089664,4518.850098
1649,4605.850098,4627,4490,4521.350098,2420334,4521.350098
1650,4540,4577,4513.25,4568.850098,1129143,4568.850098
1651,4584.399902,4611.100098,4550,4559.649902,912032,4559.649902
1652,4561,4646.950195,4551,4618.950195,1524379,4618.950195
1653,4627,4649.899902,4601,4627.700195,1313990,4627.700195
1654,4624.549805,4660,4591.549805,4649.700195,767757,4649.700195
1655,4650,4723.450195,4645,4660.549805,1327850,4660.549805
1656,4754.5,4755,4660.549805,4669.649902,3312042,4669.649902
1657,4692.100098,4699,4651.149902,4676.350098,741557,4676.350098
1658,4676,4716,4605.399902,4622.600098,936875,4622.600098
1659,4624.399902,4628,4472.350098,4482.850098,1240240,4482.850098
1660,4399.450195,4442.950195,4375,4385.100098,1084324,4385.100098
1661,4385,4420,4175,4190.200195,1598164,4190.200195
1662,4239,4249.850098,4150,4226,947680,4226
1663,4255,4281.5,4205.75,4216.200195,947702,4216.200195
1664,4233,4245,4195,4229.200195,637396,4229.200195
1665,4240,4293,4203.200195,4233.350098,873116,4233.350098
1666,4239,4250,4050,4081.050049,3291426,4081.050049
1667,4081.050049,4198.899902,4081,4178.350098,901281,4178.350098
1668,4178.350098,4187.25,4127,4170.200195,696846,4170.200195
